mutant,is_wt,-log10(EC50),wt_pdb,mt_pdb,mutant_chain,wt_seq,sequence,is_reliable,pnE,pnlogp
I1A,False,-9.210340371976184,fold_tcr6_no_template_model_0,,B,IMDQVPFSV,AMDQVPFSV,False,39.220306,-8.201751
I1C,False,-9.210340371976184,fold_tcr6_no_template_model_0,,B,IMDQVPFSV,CMDQVPFSV,False,39.335403,-8.086656
I1D,False,-8.385234182057669,fold_tcr6_no_template_model_0,,B,IMDQVPFSV,DMDQVPFSV,True,37.48835,-9.933711
I1E,False,-9.210340371976184,fold_tcr6_no_template_model_0,,B,IMDQVPFSV,EMDQVPFSV,False,39.589302,-7.832755
I1F,False,-6.562893947037196,fold_tcr6_no_template_model_0,,B,IMDQVPFSV,FMDQVPFSV,True,33.770885,-13.651172
I1G,False,-9.210340371976184,fold_tcr6_no_template_model_0,,B,IMDQVPFSV,GMDQVPFSV,False,35.90886,-11.513198
I1H,False,0.0391848259347126,fold_tcr6_no_template_model_0,,B,IMDQVPFSV,HMDQVPFSV,True,35.760155,-11.661901
I1I,True,5.708640356854482,fold_tcr6_no_template_model_0,,B,IMDQVPFSV,IMDQVPFSV,True,41.946434,-5.47562
I1K,False,-9.210340371976184,fold_tcr6_no_template_model_0,,B,IMDQVPFSV,KMDQVPFSV,False,37.75044,-9.671618
I1L,False,7.221469382361631,fold_tcr6_no_template_model_0,,B,IMDQVPFSV,LMDQVPFSV,True,38.98342,-8.438636
I1M,False,1.3876833418470054,fold_tcr6_no_template_model_0,,B,IMDQVPFSV,MMDQVPFSV,True,39.349464,-8.072595
I1N,False,-9.210340371976184,fold_tcr6_no_template_model_0,,B,IMDQVPFSV,NMDQVPFSV,False,38.75199,-8.670064
I1P,False,-9.210340371976184,fold_tcr6_no_template_model_0,,B,IMDQVPFSV,PMDQVPFSV,False,37.697014,-9.725045
I1Q,False,-9.210340371976184,fold_tcr6_no_template_model_0,,B,IMDQVPFSV,QMDQVPFSV,False,40.31318,-7.1088805
I1R,False,-9.210340371976184,fold_tcr6_no_template_model_0,,B,IMDQVPFSV,RMDQVPFSV,False,36.931755,-10.490302
I1S,False,-9.210340371976184,fold_tcr6_no_template_model_0,,B,IMDQVPFSV,SMDQVPFSV,False,40.153587,-7.2684674
I1T,False,-9.210340371976184,fold_tcr6_no_template_model_0,,B,IMDQVPFSV,TMDQVPFSV,False,42.07469,-5.347367
I1V,False,-7.203843072290811,fold_tcr6_no_template_model_0,,B,IMDQVPFSV,VMDQVPFSV,True,42.214157,-5.2079015
I1W,False,-7.503861708310978,fold_tcr6_no_template_model_0,,B,IMDQVPFSV,WMDQVPFSV,True,31.578348,-15.843708
I1Y,False,-9.210340371976184,fold_tcr6_no_template_model_0,,B,IMDQVPFSV,YMDQVPFSV,False,33.38334,-14.038716
M2A,False,-0.6769408263689837,fold_tcr6_no_template_model_0,,B,IMDQVPFSV,IADQVPFSV,True,32.538826,-14.883231
M2C,False,-0.4809271282231531,fold_tcr6_no_template_model_0,,B,IMDQVPFSV,ICDQVPFSV,True,34.35366,-13.068394
M2D,False,-7.956024709359699,fold_tcr6_no_template_model_0,,B,IMDQVPFSV,IDDQVPFSV,True,31.65671,-15.765347
M2E,False,-7.609787431779157,fold_tcr6_no_template_model_0,,B,IMDQVPFSV,IEDQVPFSV,True,35.643394,-11.778665
M2F,False,-0.0265463728475917,fold_tcr6_no_template_model_0,,B,IMDQVPFSV,IFDQVPFSV,True,31.366512,-16.055544
M2G,False,-6.543008145371603,fold_tcr6_no_template_model_0,,B,IMDQVPFSV,IGDQVPFSV,True,28.739489,-18.68257
M2H,False,-6.711344662092915,fold_tcr6_no_template_model_0,,B,IMDQVPFSV,IHDQVPFSV,True,32.96993,-14.452128
M2I,False,-1.202760472244302,fold_tcr6_no_template_model_0,,B,IMDQVPFSV,IIDQVPFSV,True,35.372894,-12.049161
M2K,False,-6.520664694928888,fold_tcr6_no_template_model_0,,B,IMDQVPFSV,IKDQVPFSV,True,34.682587,-12.73947
M2L,False,-0.7476118986855516,fold_tcr6_no_template_model_0,,B,IMDQVPFSV,ILDQVPFSV,True,38.090034,-9.332023
M2M,True,5.708640356854482,fold_tcr6_no_template_model_0,,B,IMDQVPFSV,IMDQVPFSV,True,41.946434,-5.47562
M2N,False,-9.210340371976184,fold_tcr6_no_template_model_0,,B,IMDQVPFSV,INDQVPFSV,False,33.81499,-13.607066
M2P,False,-9.210340371976184,fold_tcr6_no_template_model_0,,B,IMDQVPFSV,IPDQVPFSV,False,30.63293,-16.789125
M2Q,False,-5.999372272259285,fold_tcr6_no_template_model_0,,B,IMDQVPFSV,IQDQVPFSV,True,37.993286,-9.428773
M2R,False,-5.82099857688318,fold_tcr6_no_template_model_0,,B,IMDQVPFSV,IRDQVPFSV,True,32.41349,-15.008564
M2S,False,0.6502938460239474,fold_tcr6_no_template_model_0,,B,IMDQVPFSV,ISDQVPFSV,True,32.29035,-15.131705
M2T,False,0.3828634667593878,fold_tcr6_no_template_model_0,,B,IMDQVPFSV,ITDQVPFSV,True,35.448074,-11.973985
M2V,False,1.7372936744959415,fold_tcr6_no_template_model_0,,B,IMDQVPFSV,IVDQVPFSV,True,33.19565,-14.226408
M2W,False,-9.210340371976184,fold_tcr6_no_template_model_0,,B,IMDQVPFSV,IWDQVPFSV,False,28.027319,-19.39474
M2Y,False,-8.081258791477994,fold_tcr6_no_template_model_0,,B,IMDQVPFSV,IYDQVPFSV,True,29.98431,-17.437746
D3A,False,-9.210340371976184,fold_tcr6_no_template_model_0,,B,IMDQVPFSV,IMAQVPFSV,False,34.75599,-12.666071
D3C,False,-6.411036697505632,fold_tcr6_no_template_model_0,,B,IMDQVPFSV,IMCQVPFSV,True,36.721966,-10.700092
D3D,True,5.708640356854482,fold_tcr6_no_template_model_0,,B,IMDQVPFSV,IMDQVPFSV,True,41.946434,-5.47562
D3E,False,-9.210340371976184,fold_tcr6_no_template_model_0,,B,IMDQVPFSV,IMEQVPFSV,False,35.040924,-12.38113
D3F,False,-9.210340371976184,fold_tcr6_no_template_model_0,,B,IMDQVPFSV,IMFQVPFSV,False,30.02825,-17.393805
D3G,False,-9.210340371976184,fold_tcr6_no_template_model_0,,B,IMDQVPFSV,IMGQVPFSV,False,31.891508,-15.53055
D3H,False,-9.112760086791177,fold_tcr6_no_template_model_0,,B,IMDQVPFSV,IMHQVPFSV,False,31.932117,-15.489941
D3I,False,-7.4868428639499935,fold_tcr6_no_template_model_0,,B,IMDQVPFSV,IMIQVPFSV,True,30.364618,-17.05744
D3K,False,-9.113024869548868,fold_tcr6_no_template_model_0,,B,IMDQVPFSV,IMKQVPFSV,False,31.146196,-16.27586
D3L,False,-7.628822629367489,fold_tcr6_no_template_model_0,,B,IMDQVPFSV,IMLQVPFSV,True,31.73591,-15.686147
D3M,False,-8.338462493055458,fold_tcr6_no_template_model_0,,B,IMDQVPFSV,IMMQVPFSV,True,35.02121,-12.400847
D3N,False,-6.073031473461644,fold_tcr6_no_template_model_0,,B,IMDQVPFSV,IMNQVPFSV,True,37.103676,-10.318381
D3P,False,-7.69237235130693,fold_tcr6_no_template_model_0,,B,IMDQVPFSV,IMPQVPFSV,True,30.239552,-17.182505
D3Q,False,-9.210340371976184,fold_tcr6_no_template_model_0,,B,IMDQVPFSV,IMQQVPFSV,False,33.360733,-14.061325
D3R,False,-9.210340371976184,fold_tcr6_no_template_model_0,,B,IMDQVPFSV,IMRQVPFSV,False,29.979624,-17.442434
D3S,False,-9.210340371976184,fold_tcr6_no_template_model_0,,B,IMDQVPFSV,IMSQVPFSV,False,35.973663,-11.448396
D3T,False,-9.210340371976184,fold_tcr6_no_template_model_0,,B,IMDQVPFSV,IMTQVPFSV,False,33.25705,-14.165005
D3V,False,-9.210340371976184,fold_tcr6_no_template_model_0,,B,IMDQVPFSV,IMVQVPFSV,False,31.72857,-15.693485
D3W,False,-9.210340371976184,fold_tcr6_no_template_model_0,,B,IMDQVPFSV,IMWQVPFSV,False,28.709017,-18.713041
D3Y,False,-7.121217397276054,fold_tcr6_no_template_model_0,,B,IMDQVPFSV,IMYQVPFSV,True,30.209942,-17.212114
Q4A,False,-6.716082847628552,fold_tcr6_no_template_model_0,,B,IMDQVPFSV,IMDAVPFSV,True,29.086748,-18.33531
Q4C,False,0.6650549734249502,fold_tcr6_no_template_model_0,,B,IMDQVPFSV,IMDCVPFSV,True,32.89279,-14.529268
Q4D,False,-9.210340371976184,fold_tcr6_no_template_model_0,,B,IMDQVPFSV,IMDDVPFSV,False,34.180862,-13.241193
Q4E,False,-9.210340371976184,fold_tcr6_no_template_model_0,,B,IMDQVPFSV,IMDEVPFSV,False,39.293518,-8.128536
Q4F,False,-7.498282543337171,fold_tcr6_no_template_model_0,,B,IMDQVPFSV,IMDFVPFSV,True,35.69594,-11.726117
Q4G,False,-8.89906576836204,fold_tcr6_no_template_model_0,,B,IMDQVPFSV,IMDGVPFSV,True,27.088593,-20.333464
Q4H,False,-4.900304261958902,fold_tcr6_no_template_model_0,,B,IMDQVPFSV,IMDHVPFSV,True,37.52462,-9.897439
Q4I,False,-8.946439342519524,fold_tcr6_no_template_model_0,,B,IMDQVPFSV,IMDIVPFSV,True,33.365494,-14.056564
Q4K,False,-8.751710214219475,fold_tcr6_no_template_model_0,,B,IMDQVPFSV,IMDKVPFSV,True,38.8443,-8.577755
Q4L,False,-5.260394362307561,fold_tcr6_no_template_model_0,,B,IMDQVPFSV,IMDLVPFSV,True,35.502182,-11.919872
Q4M,False,8.0082465668941,fold_tcr6_no_template_model_0,,B,IMDQVPFSV,IMDMVPFSV,True,41.43918,-5.982881
Q4N,False,-9.210340371976184,fold_tcr6_no_template_model_0,,B,IMDQVPFSV,IMDNVPFSV,False,36.559143,-10.862914
Q4P,False,-8.86964828580807,fold_tcr6_no_template_model_0,,B,IMDQVPFSV,IMDPVPFSV,True,29.776312,-17.645742
Q4Q,True,5.708640356854482,fold_tcr6_no_template_model_0,,B,IMDQVPFSV,IMDQVPFSV,True,41.946434,-5.47562
Q4R,False,-9.210340371976184,fold_tcr6_no_template_model_0,,B,IMDQVPFSV,IMDRVPFSV,False,40.235023,-7.187034
Q4S,False,-8.541267918261928,fold_tcr6_no_template_model_0,,B,IMDQVPFSV,IMDSVPFSV,True,30.547752,-16.874304
Q4T,False,-9.210340371976184,fold_tcr6_no_template_model_0,,B,IMDQVPFSV,IMDTVPFSV,False,33.836308,-13.58575
Q4V,False,-1.1150703770784298,fold_tcr6_no_template_model_0,,B,IMDQVPFSV,IMDVVPFSV,True,33.272438,-14.149616
Q4W,False,-1.2479914142066002,fold_tcr6_no_template_model_0,,B,IMDQVPFSV,IMDWVPFSV,True,32.43328,-14.988773
Q4Y,False,-8.736777880006622,fold_tcr6_no_template_model_0,,B,IMDQVPFSV,IMDYVPFSV,True,35.21106,-12.210996
V5A,False,-0.5427846243779127,fold_tcr6_no_template_model_0,,B,IMDQVPFSV,IMDQAPFSV,True,40.999863,-6.422198
V5C,False,-0.3921457834713946,fold_tcr6_no_template_model_0,,B,IMDQVPFSV,IMDQCPFSV,True,39.915543,-7.506513
V5D,False,-7.069515765426783,fold_tcr6_no_template_model_0,,B,IMDQVPFSV,IMDQDPFSV,True,39.950172,-7.4718843
V5E,False,-0.5535144705725605,fold_tcr6_no_template_model_0,,B,IMDQVPFSV,IMDQEPFSV,True,41.00802,-6.414037
V5F,False,-9.210340371976184,fold_tcr6_no_template_model_0,,B,IMDQVPFSV,IMDQFPFSV,False,34.852074,-12.569983
V5G,False,-6.080414619190947,fold_tcr6_no_template_model_0,,B,IMDQVPFSV,IMDQGPFSV,True,35.877296,-11.544759
V5H,False,-8.917174324143728,fold_tcr6_no_template_model_0,,B,IMDQVPFSV,IMDQHPFSV,True,37.006027,-10.416032
V5I,False,6.063381172781849,fold_tcr6_no_template_model_0,,B,IMDQVPFSV,IMDQIPFSV,True,41.87422,-5.5478377
V5K,False,-0.1851356999871144,fold_tcr6_no_template_model_0,,B,IMDQVPFSV,IMDQKPFSV,True,37.179916,-10.242143
V5L,False,-0.7068529261295606,fold_tcr6_no_template_model_0,,B,IMDQVPFSV,IMDQLPFSV,True,39.689297,-7.7327604
V5M,False,-3.618969975921964,fold_tcr6_no_template_model_0,,B,IMDQVPFSV,IMDQMPFSV,True,37.926445,-9.495612
V5N,False,-6.754080937590858,fold_tcr6_no_template_model_0,,B,IMDQVPFSV,IMDQNPFSV,True,40.455086,-6.966969
V5P,False,-0.5645317718230428,fold_tcr6_no_template_model_0,,B,IMDQVPFSV,IMDQPPFSV,True,37.672745,-9.749313
V5Q,False,-1.135951134376162,fold_tcr6_no_template_model_0,,B,IMDQVPFSV,IMDQQPFSV,True,40.13526,-7.286797
V5R,False,-7.569834285066594,fold_tcr6_no_template_model_0,,B,IMDQVPFSV,IMDQRPFSV,True,36.23867,-11.183389
V5S,False,-0.3649993540824358,fold_tcr6_no_template_model_0,,B,IMDQVPFSV,IMDQSPFSV,True,41.56057,-5.861487
V5T,False,-0.9223938900594963,fold_tcr6_no_template_model_0,,B,IMDQVPFSV,IMDQTPFSV,True,42.78694,-4.635117
V5V,True,5.708640356854482,fold_tcr6_no_template_model_0,,B,IMDQVPFSV,IMDQVPFSV,True,41.946434,-5.47562
V5W,False,-5.851380553796902,fold_tcr6_no_template_model_0,,B,IMDQVPFSV,IMDQWPFSV,True,32.447296,-14.974758
V5Y,False,-9.210340371976184,fold_tcr6_no_template_model_0,,B,IMDQVPFSV,IMDQYPFSV,False,34.505737,-12.916322
P6A,False,-9.210340371976184,fold_tcr6_no_template_model_0,,B,IMDQVPFSV,IMDQVAFSV,False,33.20387,-14.218188
P6C,False,-8.756138357924756,fold_tcr6_no_template_model_0,,B,IMDQVPFSV,IMDQVCFSV,True,33.589348,-13.832712
P6D,False,-9.210340371976184,fold_tcr6_no_template_model_0,,B,IMDQVPFSV,IMDQVDFSV,False,35.071404,-12.350656
P6E,False,-6.335002371108858,fold_tcr6_no_template_model_0,,B,IMDQVPFSV,IMDQVEFSV,True,34.451088,-12.970969
P6F,False,-9.210340371976184,fold_tcr6_no_template_model_0,,B,IMDQVPFSV,IMDQVFFSV,False,27.400457,-20.021599
P6G,False,-9.210340371976184,fold_tcr6_no_template_model_0,,B,IMDQVPFSV,IMDQVGFSV,False,30.859972,-16.562086
P6H,False,-9.210340371976184,fold_tcr6_no_template_model_0,,B,IMDQVPFSV,IMDQVHFSV,False,29.424631,-17.997425
P6I,False,-9.210340371976184,fold_tcr6_no_template_model_0,,B,IMDQVPFSV,IMDQVIFSV,False,31.447115,-15.974943
P6K,False,-8.560384145356647,fold_tcr6_no_template_model_0,,B,IMDQVPFSV,IMDQVKFSV,True,29.586584,-17.83547
P6L,False,-9.210340371976184,fold_tcr6_no_template_model_0,,B,IMDQVPFSV,IMDQVLFSV,False,31.581545,-15.840513
P6M,False,-9.210340371976184,fold_tcr6_no_template_model_0,,B,IMDQVPFSV,IMDQVMFSV,False,30.680025,-16.74203
P6N,False,-9.210340371976184,fold_tcr6_no_template_model_0,,B,IMDQVPFSV,IMDQVNFSV,False,34.03202,-13.3900385
P6P,True,5.708640356854482,fold_tcr6_no_template_model_0,,B,IMDQVPFSV,IMDQVPFSV,True,41.946434,-5.47562
P6Q,False,-9.210340371976184,fold_tcr6_no_template_model_0,,B,IMDQVPFSV,IMDQVQFSV,False,33.598984,-13.823073
P6R,False,-9.210340371976184,fold_tcr6_no_template_model_0,,B,IMDQVPFSV,IMDQVRFSV,False,29.501701,-17.920355
P6S,False,-8.964105167587347,fold_tcr6_no_template_model_0,,B,IMDQVPFSV,IMDQVSFSV,True,34.023468,-13.398586
P6T,False,-8.67338953441469,fold_tcr6_no_template_model_0,,B,IMDQVPFSV,IMDQVTFSV,True,34.891296,-12.530764
P6V,False,-9.210340371976184,fold_tcr6_no_template_model_0,,B,IMDQVPFSV,IMDQVVFSV,False,32.948616,-14.473443
P6W,False,-9.210340371976184,fold_tcr6_no_template_model_0,,B,IMDQVPFSV,IMDQVWFSV,False,24.290152,-23.131903
P6Y,False,-9.210340371976184,fold_tcr6_no_template_model_0,,B,IMDQVPFSV,IMDQVYFSV,False,27.5335,-19.888554
F7A,False,1.422546319295116,fold_tcr6_no_template_model_0,,B,IMDQVPFSV,IMDQVPASV,True,28.030928,-19.391129
F7C,False,-8.069774358463203,fold_tcr6_no_template_model_0,,B,IMDQVPFSV,IMDQVPCSV,True,31.481344,-15.940713
F7D,False,-6.96910965270176,fold_tcr6_no_template_model_0,,B,IMDQVPFSV,IMDQVPDSV,True,34.23484,-13.187219
F7E,False,-0.359575516554131,fold_tcr6_no_template_model_0,,B,IMDQVPFSV,IMDQVPESV,True,36.337456,-11.0845995
F7F,True,5.708640356854482,fold_tcr6_no_template_model_0,,B,IMDQVPFSV,IMDQVPFSV,True,41.946434,-5.47562
F7G,False,-9.210340371976184,fold_tcr6_no_template_model_0,,B,IMDQVPFSV,IMDQVPGSV,False,26.972412,-20.449646
F7H,False,2.858281656584767,fold_tcr6_no_template_model_0,,B,IMDQVPFSV,IMDQVPHSV,True,38.865284,-8.556773
F7I,False,-7.171702714185919,fold_tcr6_no_template_model_0,,B,IMDQVPFSV,IMDQVPISV,True,33.61051,-13.811545
F7K,False,-9.210340371976184,fold_tcr6_no_template_model_0,,B,IMDQVPFSV,IMDQVPKSV,False,33.81002,-13.612039
F7L,False,-9.210340371976184,fold_tcr6_no_template_model_0,,B,IMDQVPFSV,IMDQVPLSV,False,33.84097,-13.581087
F7M,False,-7.393217411629022,fold_tcr6_no_template_model_0,,B,IMDQVPFSV,IMDQVPMSV,True,35.655365,-11.766693
F7N,False,-6.807792634986562,fold_tcr6_no_template_model_0,,B,IMDQVPFSV,IMDQVPNSV,True,35.0121,-12.409958
F7P,False,4.508409930561217,fold_tcr6_no_template_model_0,,B,IMDQVPFSV,IMDQVPPSV,True,30.61551,-16.806547
F7Q,False,-8.66202813703757,fold_tcr6_no_template_model_0,,B,IMDQVPFSV,IMDQVPQSV,True,36.015144,-11.40691
F7R,False,-9.210340371976184,fold_tcr6_no_template_model_0,,B,IMDQVPFSV,IMDQVPRSV,False,33.401314,-14.020746
F7S,False,0.4444662863416862,fold_tcr6_no_template_model_0,,B,IMDQVPFSV,IMDQVPSSV,True,29.562727,-17.85933
F7T,False,0.1832609654287078,fold_tcr6_no_template_model_0,,B,IMDQVPFSV,IMDQVPTSV,True,31.981031,-15.441026
F7V,False,-8.025556301915106,fold_tcr6_no_template_model_0,,B,IMDQVPFSV,IMDQVPVSV,True,32.93712,-14.484939
F7W,False,6.015638498499742,fold_tcr6_no_template_model_0,,B,IMDQVPFSV,IMDQVPWSV,True,35.84169,-11.580369
F7Y,False,7.831948706890353,fold_tcr6_no_template_model_0,,B,IMDQVPFSV,IMDQVPYSV,True,41.30725,-6.114803
S8A,False,6.855829409348944,fold_tcr6_no_template_model_0,,B,IMDQVPFSV,IMDQVPFAV,True,42.325172,-5.096885
S8C,False,6.986721491232552,fold_tcr6_no_template_model_0,,B,IMDQVPFSV,IMDQVPFCV,True,37.814926,-9.607133
S8D,False,4.9749417090359564,fold_tcr6_no_template_model_0,,B,IMDQVPFSV,IMDQVPFDV,True,37.84765,-9.574407
S8E,False,6.782341273767769,fold_tcr6_no_template_model_0,,B,IMDQVPFSV,IMDQVPFEV,True,36.08863,-11.333429
S8F,False,5.574442698142459,fold_tcr6_no_template_model_0,,B,IMDQVPFSV,IMDQVPFFV,True,29.816818,-17.605238
S8G,False,5.639047729570141,fold_tcr6_no_template_model_0,,B,IMDQVPFSV,IMDQVPFGV,True,37.703865,-9.718188
S8H,False,5.487810156300486,fold_tcr6_no_template_model_0,,B,IMDQVPFSV,IMDQVPFHV,True,33.283012,-14.139043
S8I,False,5.098310012403979,fold_tcr6_no_template_model_0,,B,IMDQVPFSV,IMDQVPFIV,True,32.185696,-15.236362
S8K,False,4.801593668259617,fold_tcr6_no_template_model_0,,B,IMDQVPFSV,IMDQVPFKV,True,32.24582,-15.176241
S8L,False,5.7991965894478925,fold_tcr6_no_template_model_0,,B,IMDQVPFSV,IMDQVPFLV,True,31.892767,-15.529289
S8M,False,5.529352924992971,fold_tcr6_no_template_model_0,,B,IMDQVPFSV,IMDQVPFMV,True,31.589045,-15.833014
S8N,False,5.027808157191204,fold_tcr6_no_template_model_0,,B,IMDQVPFSV,IMDQVPFNV,True,37.79414,-9.627917
S8P,False,5.94796662364713,fold_tcr6_no_template_model_0,,B,IMDQVPFSV,IMDQVPFPV,True,34.067055,-13.355003
S8Q,False,5.431398783809057,fold_tcr6_no_template_model_0,,B,IMDQVPFSV,IMDQVPFQV,True,35.152184,-12.269872
S8R,False,5.229537556120235,fold_tcr6_no_template_model_0,,B,IMDQVPFSV,IMDQVPFRV,True,31.621275,-15.800781
S8S,True,5.708640356854482,fold_tcr6_no_template_model_0,,B,IMDQVPFSV,IMDQVPFSV,True,41.946434,-5.47562
S8T,False,5.566504592322532,fold_tcr6_no_template_model_0,,B,IMDQVPFSV,IMDQVPFTV,True,39.21251,-8.209548
S8V,False,5.733497762727256,fold_tcr6_no_template_model_0,,B,IMDQVPFSV,IMDQVPFVV,True,36.239563,-11.182493
S8W,False,4.616103425549849,fold_tcr6_no_template_model_0,,B,IMDQVPFSV,IMDQVPFWV,True,27.821436,-19.600622
S8Y,False,5.334190710810204,fold_tcr6_no_template_model_0,,B,IMDQVPFSV,IMDQVPFYV,True,29.665125,-17.756931
V9A,False,4.618579673510578,fold_tcr6_no_template_model_0,,B,IMDQVPFSV,IMDQVPFSA,True,29.356506,-18.065552
V9C,False,4.793788026896335,fold_tcr6_no_template_model_0,,B,IMDQVPFSV,IMDQVPFSC,True,31.860613,-15.561443
V9D,False,-9.210340371976184,fold_tcr6_no_template_model_0,,B,IMDQVPFSV,IMDQVPFSD,False,28.136757,-19.285301
V9E,False,-7.114540393764365,fold_tcr6_no_template_model_0,,B,IMDQVPFSV,IMDQVPFSE,True,29.10068,-18.321377
V9F,False,-9.210340371976184,fold_tcr6_no_template_model_0,,B,IMDQVPFSV,IMDQVPFSF,False,24.541838,-22.880219
V9G,False,0.3764828861515489,fold_tcr6_no_template_model_0,,B,IMDQVPFSV,IMDQVPFSG,True,25.57545,-21.846607
V9H,False,2.8499846121350387,fold_tcr6_no_template_model_0,,B,IMDQVPFSV,IMDQVPFSH,True,25.35943,-22.062626
V9I,False,5.504804721930756,fold_tcr6_no_template_model_0,,B,IMDQVPFSV,IMDQVPFSI,True,37.666702,-9.755353
V9K,False,-6.872116397701088,fold_tcr6_no_template_model_0,,B,IMDQVPFSV,IMDQVPFSK,True,27.88771,-19.534346
V9L,False,4.459404674404666,fold_tcr6_no_template_model_0,,B,IMDQVPFSV,IMDQVPFSL,True,31.087715,-16.334343
V9M,False,2.1229023387684847,fold_tcr6_no_template_model_0,,B,IMDQVPFSV,IMDQVPFSM,True,29.634254,-17.7878
V9N,False,-6.98298718313039,fold_tcr6_no_template_model_0,,B,IMDQVPFSV,IMDQVPFSN,True,29.32904,-18.093016
V9P,False,-7.321257070942069,fold_tcr6_no_template_model_0,,B,IMDQVPFSV,IMDQVPFSP,True,27.917606,-19.504452
V9Q,False,-7.474229663192025,fold_tcr6_no_template_model_0,,B,IMDQVPFSV,IMDQVPFSQ,True,29.197527,-18.22453
V9R,False,-9.210340371976184,fold_tcr6_no_template_model_0,,B,IMDQVPFSV,IMDQVPFSR,False,28.106617,-19.31544
V9S,False,0.2273163388012035,fold_tcr6_no_template_model_0,,B,IMDQVPFSV,IMDQVPFSS,True,29.177515,-18.244541
V9T,False,0.8316115706859387,fold_tcr6_no_template_model_0,,B,IMDQVPFSV,IMDQVPFST,True,32.981216,-14.440842
V9V,True,5.708640356854482,fold_tcr6_no_template_model_0,,B,IMDQVPFSV,IMDQVPFSV,True,41.946434,-5.47562
V9W,False,-9.171955654550477,fold_tcr6_no_template_model_0,,B,IMDQVPFSV,IMDQVPFSW,False,23.539814,-23.882244
V9Y,False,-9.210340371976184,fold_tcr6_no_template_model_0,,B,IMDQVPFSV,IMDQVPFSY,False,24.209879,-23.212177
