mutant,is_wt,IFN_gamma (pg/ml),wt_pdb,mt_pdb,mutant_chain,MFI,sequence,pnE,pnlogp
H1A,False,11274.8,6w51-filtered,,F,1862387.0,AMTEVVRHC,34.5831,-5.1840324
H1I,False,10353.6,6w51-filtered,,F,1646427.0,IMTEVVRHC,32.663345,-7.0173798
H1L,False,10299.4,6w51-filtered,,F,1618123.0,LMTEVVRHC,30.66791,-7.7086697
H1M,False,10435.3,6w51-filtered,,F,1761837.0,MMTEVVRHC,32.126774,-6.66152
H1F,False,9548.1,6w51-filtered,,F,1773662.0,FMTEVVRHC,31.280552,-7.590819
H1V,False,9997.38,6w51-filtered,,F,1749600.5,VMTEVVRHC,32.628284,-5.853884
H1P,False,2983.2,6w51-filtered,,F,1433965.5,PMTEVVRHC,30.939203,-7.8010106
H1G,False,9091.2,6w51-filtered,,F,1521694.0,GMTEVVRHC,36.781483,-4.579237
H1W,False,9632.4,6w51-filtered,,F,1684389.5,WMTEVVRHC,33.26459,-7.180718
H1R,False,10046.4,6w51-filtered,,F,1695378.5,RMTEVVRHC,34.5934,-5.531125
H1H,True,10596.0,6w51-filtered,,F,1666759.0,HMTEVVRHC,29.290482,-8.854366
H1K,False,9520.1,6w51-filtered,,F,1480225.0,KMTEVVRHC,33.5958,-6.7656884
H1D,False,2701.4,6w51-filtered,,F,1331117.5,DMTEVVRHC,32.031483,-6.5723667
H1E,False,3769.8,6w51-filtered,,F,1544031.0,EMTEVVRHC,31.994194,-6.303197
H1N,False,8951.1,6w51-filtered,,F,1665008.0,NMTEVVRHC,31.471722,-6.752742
H1Q,False,10106.1,6w51-filtered,,F,1683252.5,QMTEVVRHC,31.588207,-7.175796
H1S,False,9967.6,6w51-filtered,,F,1681587.5,SMTEVVRHC,33.66203,-5.61414
H1T,False,9586.7,6w51-filtered,,F,1676779.5,TMTEVVRHC,32.379745,-6.1522717
H1Y,False,10566.02,6w51-filtered,,F,1710437.5,YMTEVVRHC,32.395947,-6.8950434
H1C,False,10677.0,6w51-filtered,,F,1486729.5,CMTEVVRHC,30.339426,-8.195352
M2A,False,2096.5,6w51-filtered,,F,1304208.0,HATEVVRHC,25.072088,-12.490932
M2I,False,4220.0,6w51-filtered,,F,1628329.0,HITEVVRHC,28.05574,-11.393113
M2L,False,9686.2,6w51-filtered,,F,1658871.0,HLTEVVRHC,28.594063,-10.0345545
M2M,True,10596.0,6w51-filtered,,F,1666759.0,HMTEVVRHC,29.290482,-8.854366
M2F,False,1345.7,6w51-filtered,,F,1253565.5,HFTEVVRHC,24.32708,-12.942928
M2V,False,2628.38,6w51-filtered,,F,1452494.0,HVTEVVRHC,27.441626,-10.495397
M2P,False,1053.0,6w51-filtered,,F,1241385.0,HPTEVVRHC,32.212204,-7.8777037
M2G,False,858.0,6w51-filtered,,F,1264208.0,HGTEVVRHC,31.056267,-9.362176
M2W,False,651.9,6w51-filtered,,F,1241080.0,HWTEVVRHC,22.82189,-14.78846
M2R,False,1667.5,6w51-filtered,,F,1292675.0,HRTEVVRHC,23.040928,-15.46276
M2H,False,1574.7,6w51-filtered,,F,1269042.5,HHTEVVRHC,22.865002,-15.823613
M2K,False,1667.9,6w51-filtered,,F,1363973.0,HKTEVVRHC,24.07597,-15.741393
M2D,False,1225.1,6w51-filtered,,F,1198899.0,HDTEVVRHC,22.723003,-16.661125
M2E,False,1106.0,6w51-filtered,,F,1281076.0,HETEVVRHC,24.329035,-15.337394
M2N,False,3540.4,6w51-filtered,,F,1313672.0,HNTEVVRHC,22.683582,-14.178627
M2Q,False,4106.9,6w51-filtered,,F,1588820.0,HQTEVVRHC,26.149359,-12.285642
M2S,False,1757.2,6w51-filtered,,F,1281944.5,HSTEVVRHC,24.609627,-12.4534645
M2T,False,2821.7,6w51-filtered,,F,1357793.0,HTTEVVRHC,30.054228,-8.444447
M2Y,False,582.25,6w51-filtered,,F,1296382.5,HYTEVVRHC,21.54805,-14.122798
M2C,False,3007.4,6w51-filtered,,F,1271300.0,HCTEVVRHC,24.089905,-13.210052
T3A,False,1409.5,6w51-filtered,,F,1685454.0,HMAEVVRHC,27.208487,-11.476427
T3I,False,570.6,6w51-filtered,,F,1666560.0,HMIEVVRHC,34.194283,-7.1282263
T3L,False,427.8,6w51-filtered,,F,1727415.0,HMLEVVRHC,37.63171,-6.893961
T3M,False,370.2,6w51-filtered,,F,1713323.0,HMMEVVRHC,33.46486,-7.420412
T3F,False,374.6,6w51-filtered,,F,1660320.5,HMFEVVRHC,34.79989,-6.7126994
T3V,False,375.66,6w51-filtered,,F,1615177.5,HMVEVVRHC,31.739307,-8.68354
T3P,False,366.7,6w51-filtered,,F,1701859.0,HMPEVVRHC,27.130058,-11.241973
T3G,False,568.1,6w51-filtered,,F,1481326.0,HMGEVVRHC,34.213657,-8.241755
T3W,False,491.3,6w51-filtered,,F,1777244.0,HMWEVVRHC,36.457767,-7.442261
T3R,False,539.3,6w51-filtered,,F,1357700.5,HMREVVRHC,23.820375,-15.628755
T3H,False,473.1,6w51-filtered,,F,1620130.0,HMHEVVRHC,29.385803,-11.166574
T3K,False,422.6,6w51-filtered,,F,1394598.0,HMKEVVRHC,26.755749,-14.587211
T3D,False,509.4,6w51-filtered,,F,1712872.0,HMDEVVRHC,27.821152,-11.768175
T3E,False,1139.2,6w51-filtered,,F,1472196.5,HMEEVVRHC,28.012085,-12.237421
T3N,False,507.6,6w51-filtered,,F,1614245.5,HMNEVVRHC,30.55531,-9.387378
T3Q,False,484.0,6w51-filtered,,F,1546613.5,HMQEVVRHC,27.205002,-12.451487
T3S,False,4968.1,6w51-filtered,,F,1573999.0,HMSEVVRHC,32.312515,-8.131199
T3T,True,10596.0,6w51-filtered,,F,1666759.0,HMTEVVRHC,29.290482,-8.854366
T3Y,False,395.12,6w51-filtered,,F,1658684.0,HMYEVVRHC,31.808168,-9.931396
T3C,False,668.5,6w51-filtered,,F,1534112.0,HMCEVVRHC,30.089216,-9.20125
E4A,False,477.7,6w51-filtered,,F,1504253.0,HMTAVVRHC,28.366081,-12.24479
E4I,False,415.7,6w51-filtered,,F,1195168.5,HMTIVVRHC,22.024204,-13.863293
E4L,False,370.2,6w51-filtered,,F,1446267.5,HMTLVVRHC,21.92887,-16.12191
E4M,False,360.9,6w51-filtered,,F,1747993.0,HMTMVVRHC,25.736687,-11.474868
E4F,False,399.8,6w51-filtered,,F,1528211.5,HMTFVVRHC,29.510218,-10.608617
E4V,False,608.05,6w51-filtered,,F,1217223.0,HMTVVVRHC,26.231867,-11.793845
E4P,False,485.4,6w51-filtered,,F,1648325.0,HMTPVVRHC,35.362988,-8.304115
E4G,False,343.8,6w51-filtered,,F,1609909.0,HMTGVVRHC,29.383343,-11.818533
E4W,False,650.6,6w51-filtered,,F,1425690.0,HMTWVVRHC,36.26187,-8.031133
E4R,False,493.9,6w51-filtered,,F,1417701.0,HMTRVVRHC,30.487185,-9.114953
E4H,False,2030.0,6w51-filtered,,F,1585814.0,HMTHVVRHC,33.75964,-8.694178
E4K,False,403.7,6w51-filtered,,F,1599106.5,HMTKVVRHC,26.656635,-12.342572
E4D,False,7516.6,6w51-filtered,,F,1727293.0,HMTDVVRHC,31.02131,-13.376961
E4E,True,10596.0,6w51-filtered,,F,1666759.0,HMTEVVRHC,29.290482,-8.854366
E4N,False,2022.9,6w51-filtered,,F,1692206.0,HMTNVVRHC,27.032532,-12.173897
E4Q,False,1476.6,6w51-filtered,,F,1560456.5,HMTQVVRHC,27.518517,-13.051435
E4S,False,1024.2,6w51-filtered,,F,1571501.0,HMTSVVRHC,29.075218,-8.994877
E4T,False,504.4,6w51-filtered,,F,1635437.0,HMTTVVRHC,29.518095,-9.898524
E4Y,False,642.25,6w51-filtered,,F,1697586.0,HMTYVVRHC,31.452263,-8.841713
E4C,False,668.6,6w51-filtered,,F,1422964.0,HMTCVVRHC,25.568016,-12.944408
V5A,False,638.4,6w51-filtered,,F,1626734.5,HMTEAVRHC,28.666067,-9.249282
V5I,False,2694.3,6w51-filtered,,F,1709340.0,HMTEIVRHC,28.978577,-9.239896
V5L,False,647.4,6w51-filtered,,F,1636075.5,HMTELVRHC,22.405645,-15.491672
V5M,False,1003.4,6w51-filtered,,F,1642482.0,HMTEMVRHC,24.63628,-12.36807
V5F,False,433.6,6w51-filtered,,F,1708353.0,HMTEFVRHC,32.135,-9.211139
V5V,True,10596.0,6w51-filtered,,F,1666759.0,HMTEVVRHC,29.290482,-8.854366
V5P,False,452.9,6w51-filtered,,F,1532089.0,HMTEPVRHC,26.224838,-11.101663
V5G,False,292.6,6w51-filtered,,F,1599600.0,HMTEGVRHC,26.29576,-12.394435
V5W,False,463.5,6w51-filtered,,F,1794920.0,HMTEWVRHC,29.83389,-11.548694
V5R,False,432.5,6w51-filtered,,F,1594146.5,HMTERVRHC,29.379797,-13.077753
V5H,False,469.3,6w51-filtered,,F,1623795.5,HMTEHVRHC,30.526297,-10.150619
V5K,False,471.2,6w51-filtered,,F,1562037.0,HMTEKVRHC,26.370842,-14.953019
V5D,False,737.2,6w51-filtered,,F,1607780.0,HMTEDVRHC,27.641037,-9.6424265
V5E,False,497.4,6w51-filtered,,F,1525211.5,HMTEEVRHC,24.079145,-15.531768
V5N,False,410.3,6w51-filtered,,F,1499470.0,HMTENVRHC,26.7146,-12.320078
V5Q,False,659.6,6w51-filtered,,F,1628092.5,HMTEQVRHC,24.707443,-14.552461
V5S,False,440.0,6w51-filtered,,F,1621251.0,HMTESVRHC,27.558247,-10.336565
V5T,False,678.3,6w51-filtered,,F,1580901.0,HMTETVRHC,27.911646,-10.433916
V5Y,False,514.23,6w51-filtered,,F,1520581.0,HMTEYVRHC,33.041203,-8.044862
V5C,False,1194.3,6w51-filtered,,F,1411811.0,HMTECVRHC,28.005518,-10.252819
V6A,False,1945.1,6w51-filtered,,F,1424002.0,HMTEVARHC,31.745352,-9.670694
V6I,False,7721.5,6w51-filtered,,F,1650566.0,HMTEVIRHC,32.103905,-8.348317
V6L,False,1749.5,6w51-filtered,,F,1676915.0,HMTEVLRHC,26.411436,-10.988703
V6M,False,2419.8,6w51-filtered,,F,1693337.5,HMTEVMRHC,30.82462,-9.856999
V6F,False,2082.2,6w51-filtered,,F,1682795.0,HMTEVFRHC,32.581635,-9.220055
V6V,True,10596.0,6w51-filtered,,F,1666759.0,HMTEVVRHC,29.290482,-8.854366
V6P,False,503.0,6w51-filtered,,F,1419056.0,HMTEVPRHC,31.630373,-10.6440735
V6G,False,394.5,6w51-filtered,,F,1579890.0,HMTEVGRHC,30.3936,-10.23026
V6W,False,382.1,6w51-filtered,,F,1660202.0,HMTEVWRHC,32.348904,-10.257717
V6R,False,1727.1,6w51-filtered,,F,1308579.0,HMTEVRRHC,30.384533,-10.850659
V6H,False,1371.7,6w51-filtered,,F,1568083.5,HMTEVHRHC,29.143309,-9.569695
V6K,False,502.9,6w51-filtered,,F,1357166.0,HMTEVKRHC,26.831638,-14.435046
V6D,False,871.3,6w51-filtered,,F,1472987.0,HMTEVDRHC,34.888176,-7.5650315
V6E,False,388.5,6w51-filtered,,F,1531170.0,HMTEVERHC,29.062912,-10.0983
V6N,False,384.7,6w51-filtered,,F,1641245.0,HMTEVNRHC,28.38976,-10.91231
V6Q,False,399.0,6w51-filtered,,F,1545786.0,HMTEVQRHC,30.979012,-10.108486
V6S,False,2906.7,6w51-filtered,,F,1700170.0,HMTEVSRHC,29.543123,-11.532302
V6T,False,4549.3,6w51-filtered,,F,1628823.0,HMTEVTRHC,26.480007,-11.041645
V6Y,False,1477.14,6w51-filtered,,F,1573122.0,HMTEVYRHC,33.325687,-8.809627
V6C,False,1024.7,6w51-filtered,,F,1288976.5,HMTEVCRHC,28.230675,-13.048048
R7A,False,574.0,6w51-filtered,,F,1682703.5,HMTEVVAHC,22.991766,-13.893285
R7I,False,595.7,6w51-filtered,,F,1795377.0,HMTEVVIHC,22.05058,-14.211471
R7L,False,480.1,6w51-filtered,,F,1788249.0,HMTEVVLHC,22.418074,-13.32517
R7M,False,530.9,6w51-filtered,,F,1739366.0,HMTEVVMHC,22.689796,-15.257813
R7F,False,320.9,6w51-filtered,,F,1806898.0,HMTEVVFHC,25.029654,-12.569629
R7V,False,372.5,6w51-filtered,,F,1593880.0,HMTEVVVHC,19.776697,-15.16921
R7P,False,514.2,6w51-filtered,,F,1763353.5,HMTEVVPHC,34.931915,-9.15973
R7G,False,656.7,6w51-filtered,,F,1730716.0,HMTEVVGHC,27.749945,-9.33299
R7W,False,395.9,6w51-filtered,,F,1780291.0,HMTEVVWHC,27.239744,-9.877072
R7R,True,10596.0,6w51-filtered,,F,1666759.0,HMTEVVRHC,29.290482,-8.854366
R7H,False,397.1,6w51-filtered,,F,1765683.0,HMTEVVHHC,23.641514,-13.945698
R7K,False,744.9,6w51-filtered,,F,1629662.0,HMTEVVKHC,26.235176,-11.175619
R7D,False,259.3,6w51-filtered,,F,1745525.0,HMTEVVDHC,21.727026,-14.4915495
R7E,False,907.4,6w51-filtered,,F,1635101.0,HMTEVVEHC,20.677546,-15.283045
R7N,False,413.2,6w51-filtered,,F,1669425.0,HMTEVVNHC,19.140984,-16.409178
R7Q,False,731.8,6w51-filtered,,F,1787974.0,HMTEVVQHC,23.99178,-13.02403
R7S,False,407.5,6w51-filtered,,F,1672008.0,HMTEVVSHC,23.940083,-10.577865
R7T,False,383.0,6w51-filtered,,F,1727805.5,HMTEVVTHC,22.120468,-11.70158
R7Y,False,407.26,6w51-filtered,,F,1701937.0,HMTEVVYHC,25.32303,-10.903277
R7C,False,1245.4,6w51-filtered,,F,1506523.0,HMTEVVCHC,21.508234,-14.233421
H8A,False,444.9,6w51-filtered,,F,1735462.0,HMTEVVRAC,23.517645,-11.762284
H8I,False,404.4,6w51-filtered,,F,1454428.5,HMTEVVRIC,26.590351,-10.971702
H8L,False,473.8,6w51-filtered,,F,1498920.0,HMTEVVRLC,24.345535,-10.989324
H8M,False,1519.2,6w51-filtered,,F,1717211.0,HMTEVVRMC,25.607082,-11.87282
H8F,False,310.8,6w51-filtered,,F,1734586.0,HMTEVVRFC,27.139597,-10.6378355
H8V,False,357.35,6w51-filtered,,F,1700682.0,HMTEVVRVC,25.483458,-9.8829775
H8P,False,355.5,6w51-filtered,,F,1779860.5,HMTEVVRPC,25.819107,-9.860406
H8G,False,356.5,6w51-filtered,,F,1796893.5,HMTEVVRGC,26.375443,-14.48804
H8W,False,310.8,6w51-filtered,,F,1722380.5,HMTEVVRWC,31.27922,-9.861446
H8R,False,338.6,6w51-filtered,,F,1628702.0,HMTEVVRRC,27.953474,-9.559142
H8H,True,10596.0,6w51-filtered,,F,1666759.0,HMTEVVRHC,29.290482,-8.854366
H8K,False,1115.6,6w51-filtered,,F,1684570.0,HMTEVVRKC,26.191225,-11.609439
H8D,False,318.2,6w51-filtered,,F,1729819.0,HMTEVVRDC,19.068018,-16.69524
H8E,False,314.1,6w51-filtered,,F,1647037.0,HMTEVVREC,21.173977,-14.651037
H8N,False,400.2,6w51-filtered,,F,1742289.5,HMTEVVRNC,22.685715,-13.07896
H8Q,False,337.2,6w51-filtered,,F,1639002.5,HMTEVVRQC,25.090635,-11.688777
H8S,False,323.5,6w51-filtered,,F,1678789.0,HMTEVVRSC,22.514332,-14.651165
H8T,False,908.2,6w51-filtered,,F,1727469.0,HMTEVVRTC,23.36622,-13.449821
H8Y,False,482.57,6w51-filtered,,F,1697305.5,HMTEVVRYC,27.526072,-9.925119
H8C,False,333.7,6w51-filtered,,F,1647299.0,HMTEVVRCC,23.532307,-11.805058
C9A,False,6835.5,6w51-filtered,,F,1726495.0,HMTEVVRHA,34.46702,-6.8413105
C9I,False,8325.3,6w51-filtered,,F,1794306.0,HMTEVVRHI,25.133465,-11.92099
C9L,False,3103.2,6w51-filtered,,F,1800492.0,HMTEVVRHL,26.269741,-11.681973
C9M,False,2061.5,6w51-filtered,,F,1704173.0,HMTEVVRHM,27.79596,-8.401549
C9F,False,1207.8,6w51-filtered,,F,1740132.0,HMTEVVRHF,22.615435,-12.94428
C9V,False,10201.18,6w51-filtered,,F,1791447.0,HMTEVVRHV,28.834734,-12.059077
C9P,False,1225.9,6w51-filtered,,F,1344987.0,HMTEVVRHP,36.043606,-7.448065
C9G,False,2354.5,6w51-filtered,,F,1685557.0,HMTEVVRHG,28.753607,-10.395216
C9W,False,1555.4,6w51-filtered,,F,1493992.0,HMTEVVRHW,26.20431,-11.668013
C9R,False,2032.0,6w51-filtered,,F,1330179.0,HMTEVVRHR,25.471298,-10.488243
C9H,False,4021.0,6w51-filtered,,F,1407895.0,HMTEVVRHH,23.85349,-12.868234
C9K,False,1492.5,6w51-filtered,,F,1605012.0,HMTEVVRHK,22.873724,-12.006634
C9D,False,1473.3,6w51-filtered,,F,1359416.0,HMTEVVRHD,27.56635,-10.884477
C9E,False,1408.7,6w51-filtered,,F,1437652.0,HMTEVVRHE,26.145044,-11.219117
C9N,False,1409.0,6w51-filtered,,F,1459507.0,HMTEVVRHN,25.87661,-14.233473
C9Q,False,1318.9,6w51-filtered,,F,1577636.5,HMTEVVRHQ,26.57141,-9.699207
C9S,False,2275.0,6w51-filtered,,F,1707412.0,HMTEVVRHS,31.28967,-8.106334
C9T,False,4926.1,6w51-filtered,,F,1739096.5,HMTEVVRHT,29.121773,-8.613798
C9Y,False,4296.34,6w51-filtered,,F,1392335.5,HMTEVVRHY,20.63045,-14.821677
C9C,True,10596.0,6w51-filtered,,F,1666759.0,HMTEVVRHC,29.290482,-8.854366
