Kd,system,name,sequence,-log10(Kd),study,mutants,wt_seq,pdb,chain,neg_delta_log10_Kd,substitution_matrix_score
1.66,Tax,Tax WT,LLFGYPVYV,-0.220108088040055,pettmann_et_al,R7V,LLFGYPRYV,1qse,C,1.1103056853091358,-4.0
2.67,Tax,Tax 5F,LLFGFPVYV,-0.4265112613645752,pettmann_et_al,Y5F|R7V,LLFGYPRYV,1qse,C|C,0.9039025119846156,0.0
2.8,Tax,Tax 7T,LLFGYPTYV,-0.4471580313422192,pettmann_et_al,R7T,LLFGYPRYV,1qse,C,0.8832557420069715,-2.0
5.0,Tax,Tax 5W,LLFGWPVYV,-0.6989700043360189,pettmann_et_al,Y5W|R7V,LLFGYPRYV,1qse,C|C,0.6314437690131719,-0.5
6.1,Tax,Tax 1M,MLFGYPVYV,-0.785329835010767,pettmann_et_al,L1M|R7V,LLFGYPRYV,1qse,C|C,0.5450839383384237,-0.5
6.5,Tax,Tax 1A,ALFGYPVYV,-0.8129133566428556,pettmann_et_al,L1A|R7V,LLFGYPRYV,1qse,C|C,0.5175004167063352,-3.0
7.97,Tax,Tax 1V,VLFGYPVYV,-0.9014583213961124,pettmann_et_al,L1V|R7V,LLFGYPRYV,1qse,C|C,0.4289554519530784,-1.5
21.1,Tax,Tax 6V,LLFGYVVYV,-1.3242824552976926,pettmann_et_al,P6V|R7V,LLFGYPRYV,1qse,C|C,0.0061313180514981,-4.0
21.4,Tax,Tax 7R,LLFGYPRYV,-1.3304137733491908,pettmann_et_al,L1L,LLFGYPRYV,1qse,C,0.0,6.0
56.1,Tax,Tax 5H,LLFGHPVYV,-1.7489628612561614,pettmann_et_al,Y5H|R7V,LLFGYPRYV,1qse,C|C,-0.4185490879069706,-0.5
60.0,Tax,Tax 8F,LLFGYPVFV,-1.7781512503836436,pettmann_et_al,R7V|Y8F,LLFGYPRYV,1qse,C|C,-0.4477374770344529,0.0
67.8,Tax,Tax 7H,LLFGYPHYV,-1.831229693867064,pettmann_et_al,R7H,LLFGYPRYV,1qse,C,-0.5008159205178728,0.0
118.0,Tax,Tax 4A,LLFAYPVYV,-2.071882007306125,pettmann_et_al,G4A|R7V,LLFGYPRYV,1qse,C|C,-0.7414682339569343,-2.0
565.0,Tax,Tax 8A,LLFGYPVAV,-2.7520484478194387,pettmann_et_al,R7V|Y8A,LLFGYPRYV,1qse,C|C,-1.421634674470248,-3.5
1869.0,Tax,Tax 4A8A,LLFAYPVAV,-3.271609301378832,pettmann_et_al,G4A|R7V|Y8A,LLFGYPRYV,1qse,C|C|C,-1.941195528029641,-2.3333333333333335
2321.0,Tax,Tax 5H8A,LLFGHPVAV,-3.365675140455917,pettmann_et_al,Y5H|R7V|Y8A,LLFGYPRYV,1qse,C|C|C,-2.0352613671067266,-1.3333333333333333
