mutant,is_wt,-log10(EC50),wt_pdb,mt_pdb,mutant_chain,wt_seq,sequence,is_reliable,A1,A2,A3,B1,B2,B3,nettcr_score,percentile_rank
N1A,False,6.821741205360024,af3_tcr2,,B,NLVPMVATV,ALVPMVATV,True,TISGTDY,GLTSN,CILSNNNDMRF,GTSNPN,SVGIG,CAWTISDLAKNIQYF,0.6018650531768799,
N1C,False,6.575455523272837,af3_tcr2,,B,NLVPMVATV,CLVPMVATV,True,TISGTDY,GLTSN,CILSNNNDMRF,GTSNPN,SVGIG,CAWTISDLAKNIQYF,0.5284572839736938,
N1D,False,1.238204812802231,af3_tcr2,,B,NLVPMVATV,DLVPMVATV,True,TISGTDY,GLTSN,CILSNNNDMRF,GTSNPN,SVGIG,CAWTISDLAKNIQYF,0.6230499148368835,
N1E,False,5.301802099505093,af3_tcr2,,B,NLVPMVATV,ELVPMVATV,True,TISGTDY,GLTSN,CILSNNNDMRF,GTSNPN,SVGIG,CAWTISDLAKNIQYF,0.55718594789505,
N1F,False,6.429959270800314,af3_tcr2,,B,NLVPMVATV,FLVPMVATV,True,TISGTDY,GLTSN,CILSNNNDMRF,GTSNPN,SVGIG,CAWTISDLAKNIQYF,0.4313170909881592,
N1G,False,6.750768117936164,af3_tcr2,,B,NLVPMVATV,GLVPMVATV,True,TISGTDY,GLTSN,CILSNNNDMRF,GTSNPN,SVGIG,CAWTISDLAKNIQYF,0.277926355600357,
N1H,False,6.607524937019407,af3_tcr2,,B,NLVPMVATV,HLVPMVATV,True,TISGTDY,GLTSN,CILSNNNDMRF,GTSNPN,SVGIG,CAWTISDLAKNIQYF,0.4986861646175384,
N1I,False,6.672612142066969,af3_tcr2,,B,NLVPMVATV,ILVPMVATV,True,TISGTDY,GLTSN,CILSNNNDMRF,GTSNPN,SVGIG,CAWTISDLAKNIQYF,0.4582698345184326,
N1K,False,6.513719659438595,af3_tcr2,,B,NLVPMVATV,KLVPMVATV,True,TISGTDY,GLTSN,CILSNNNDMRF,GTSNPN,SVGIG,CAWTISDLAKNIQYF,0.6090511083602905,
N1L,False,6.663205733937179,af3_tcr2,,B,NLVPMVATV,LLVPMVATV,True,TISGTDY,GLTSN,CILSNNNDMRF,GTSNPN,SVGIG,CAWTISDLAKNIQYF,0.4574369788169861,
N1M,False,6.991738099615613,af3_tcr2,,B,NLVPMVATV,MLVPMVATV,True,TISGTDY,GLTSN,CILSNNNDMRF,GTSNPN,SVGIG,CAWTISDLAKNIQYF,0.4495962560176849,
N1P,False,5.444719759265848,af3_tcr2,,B,NLVPMVATV,PLVPMVATV,True,TISGTDY,GLTSN,CILSNNNDMRF,GTSNPN,SVGIG,CAWTISDLAKNIQYF,0.5857546925544739,
N1R,False,6.65635320753837,af3_tcr2,,B,NLVPMVATV,RLVPMVATV,True,TISGTDY,GLTSN,CILSNNNDMRF,GTSNPN,SVGIG,CAWTISDLAKNIQYF,0.6021825075149536,
N1S,False,6.933940814658911,af3_tcr2,,B,NLVPMVATV,SLVPMVATV,True,TISGTDY,GLTSN,CILSNNNDMRF,GTSNPN,SVGIG,CAWTISDLAKNIQYF,0.6381129026412964,
N1T,False,6.822067520765239,af3_tcr2,,B,NLVPMVATV,TLVPMVATV,True,TISGTDY,GLTSN,CILSNNNDMRF,GTSNPN,SVGIG,CAWTISDLAKNIQYF,0.6001876592636108,
N1V,False,6.86790033902448,af3_tcr2,,B,NLVPMVATV,VLVPMVATV,True,TISGTDY,GLTSN,CILSNNNDMRF,GTSNPN,SVGIG,CAWTISDLAKNIQYF,0.4937295317649841,
N1W,False,7.001728686000476,af3_tcr2,,B,NLVPMVATV,WLVPMVATV,True,TISGTDY,GLTSN,CILSNNNDMRF,GTSNPN,SVGIG,CAWTISDLAKNIQYF,0.2997660040855407,
N1Y,False,6.347373062677666,af3_tcr2,,B,NLVPMVATV,YLVPMVATV,True,TISGTDY,GLTSN,CILSNNNDMRF,GTSNPN,SVGIG,CAWTISDLAKNIQYF,0.4657573699951172,
N1Q,False,7.004787488354931,af3_tcr2,,B,NLVPMVATV,QLVPMVATV,True,TISGTDY,GLTSN,CILSNNNDMRF,GTSNPN,SVGIG,CAWTISDLAKNIQYF,0.3788196742534637,
N1N,True,6.750186592848219,af3_tcr2,,B,NLVPMVATV,NLVPMVATV,True,TISGTDY,GLTSN,CILSNNNDMRF,GTSNPN,SVGIG,CAWTISDLAKNIQYF,0.6023310574984383,0.125
L2A,False,4.1533644055675065,af3_tcr2,,B,NLVPMVATV,NAVPMVATV,True,TISGTDY,GLTSN,CILSNNNDMRF,GTSNPN,SVGIG,CAWTISDLAKNIQYF,0.5498706102371216,
L2C,False,5.479254331484399,af3_tcr2,,B,NLVPMVATV,NCVPMVATV,True,TISGTDY,GLTSN,CILSNNNDMRF,GTSNPN,SVGIG,CAWTISDLAKNIQYF,0.4937147498130798,
L2D,False,-0.8315938585446703,af3_tcr2,,B,NLVPMVATV,NDVPMVATV,True,TISGTDY,GLTSN,CILSNNNDMRF,GTSNPN,SVGIG,CAWTISDLAKNIQYF,0.527458131313324,
L2E,False,1.8713545791874449,af3_tcr2,,B,NLVPMVATV,NEVPMVATV,True,TISGTDY,GLTSN,CILSNNNDMRF,GTSNPN,SVGIG,CAWTISDLAKNIQYF,0.5548859238624573,
L2F,False,1.0340083621409322,af3_tcr2,,B,NLVPMVATV,NFVPMVATV,True,TISGTDY,GLTSN,CILSNNNDMRF,GTSNPN,SVGIG,CAWTISDLAKNIQYF,0.4246584475040436,
L2G,False,1.2818446174908429,af3_tcr2,,B,NLVPMVATV,NGVPMVATV,True,TISGTDY,GLTSN,CILSNNNDMRF,GTSNPN,SVGIG,CAWTISDLAKNIQYF,0.2799943089485168,
L2H,False,1.251305742394741,af3_tcr2,,B,NLVPMVATV,NHVPMVATV,True,TISGTDY,GLTSN,CILSNNNDMRF,GTSNPN,SVGIG,CAWTISDLAKNIQYF,0.4477464556694031,
L2K,False,0.7120797797724684,af3_tcr2,,B,NLVPMVATV,NKVPMVATV,True,TISGTDY,GLTSN,CILSNNNDMRF,GTSNPN,SVGIG,CAWTISDLAKNIQYF,0.4736425876617431,
L2M,False,6.863613578821445,af3_tcr2,,B,NLVPMVATV,NMVPMVATV,True,TISGTDY,GLTSN,CILSNNNDMRF,GTSNPN,SVGIG,CAWTISDLAKNIQYF,0.696435809135437,
L2N,False,1.224703372266811,af3_tcr2,,B,NLVPMVATV,NNVPMVATV,True,TISGTDY,GLTSN,CILSNNNDMRF,GTSNPN,SVGIG,CAWTISDLAKNIQYF,0.4971877932548523,
L2P,False,0.1369242337155816,af3_tcr2,,B,NLVPMVATV,NPVPMVATV,True,TISGTDY,GLTSN,CILSNNNDMRF,GTSNPN,SVGIG,CAWTISDLAKNIQYF,0.6050034761428833,
L2Q,False,5.351573750071011,af3_tcr2,,B,NLVPMVATV,NQVPMVATV,True,TISGTDY,GLTSN,CILSNNNDMRF,GTSNPN,SVGIG,CAWTISDLAKNIQYF,0.4101731181144714,
L2S,False,1.897537397851597,af3_tcr2,,B,NLVPMVATV,NSVPMVATV,True,TISGTDY,GLTSN,CILSNNNDMRF,GTSNPN,SVGIG,CAWTISDLAKNIQYF,0.5010116100311279,
L2T,False,4.011648137383229,af3_tcr2,,B,NLVPMVATV,NTVPMVATV,True,TISGTDY,GLTSN,CILSNNNDMRF,GTSNPN,SVGIG,CAWTISDLAKNIQYF,0.6405495405197144,
L2V,False,5.521485993239607,af3_tcr2,,B,NLVPMVATV,NVVPMVATV,True,TISGTDY,GLTSN,CILSNNNDMRF,GTSNPN,SVGIG,CAWTISDLAKNIQYF,0.676777720451355,
L2W,False,-0.3162636271508136,af3_tcr2,,B,NLVPMVATV,NWVPMVATV,True,TISGTDY,GLTSN,CILSNNNDMRF,GTSNPN,SVGIG,CAWTISDLAKNIQYF,0.4160188138484955,
L2Y,False,1.949978976753446,af3_tcr2,,B,NLVPMVATV,NYVPMVATV,True,TISGTDY,GLTSN,CILSNNNDMRF,GTSNPN,SVGIG,CAWTISDLAKNIQYF,0.4988840222358703,
L2I,False,6.535890467194452,af3_tcr2,,B,NLVPMVATV,NIVPMVATV,True,TISGTDY,GLTSN,CILSNNNDMRF,GTSNPN,SVGIG,CAWTISDLAKNIQYF,0.6700809001922607,
L2L,True,6.750186592848219,af3_tcr2,,B,NLVPMVATV,NLVPMVATV,True,TISGTDY,GLTSN,CILSNNNDMRF,GTSNPN,SVGIG,CAWTISDLAKNIQYF,0.6023310574984383,0.125
L2R,False,-9.210340371976184,af3_tcr2,,B,NLVPMVATV,NRVPMVATV,False,TISGTDY,GLTSN,CILSNNNDMRF,GTSNPN,SVGIG,CAWTISDLAKNIQYF,0.5417506098747253,
V3C,False,5.073610207197584,af3_tcr2,,B,NLVPMVATV,NLCPMVATV,True,TISGTDY,GLTSN,CILSNNNDMRF,GTSNPN,SVGIG,CAWTISDLAKNIQYF,0.349080890417099,
V3D,False,5.226632431058653,af3_tcr2,,B,NLVPMVATV,NLDPMVATV,True,TISGTDY,GLTSN,CILSNNNDMRF,GTSNPN,SVGIG,CAWTISDLAKNIQYF,0.392120748758316,
V3E,False,5.040904291646441,af3_tcr2,,B,NLVPMVATV,NLEPMVATV,True,TISGTDY,GLTSN,CILSNNNDMRF,GTSNPN,SVGIG,CAWTISDLAKNIQYF,0.4713327884674072,
V3G,False,3.3730220625785976,af3_tcr2,,B,NLVPMVATV,NLGPMVATV,True,TISGTDY,GLTSN,CILSNNNDMRF,GTSNPN,SVGIG,CAWTISDLAKNIQYF,0.2204182595014572,
V3H,False,-1.36783243337554,af3_tcr2,,B,NLVPMVATV,NLHPMVATV,True,TISGTDY,GLTSN,CILSNNNDMRF,GTSNPN,SVGIG,CAWTISDLAKNIQYF,0.4094685614109039,
V3I,False,6.90382112905226,af3_tcr2,,B,NLVPMVATV,NLIPMVATV,True,TISGTDY,GLTSN,CILSNNNDMRF,GTSNPN,SVGIG,CAWTISDLAKNIQYF,0.6881847381591797,
V3L,False,6.041812304575017,af3_tcr2,,B,NLVPMVATV,NLLPMVATV,True,TISGTDY,GLTSN,CILSNNNDMRF,GTSNPN,SVGIG,CAWTISDLAKNIQYF,0.64902263879776,
V3N,False,4.734866220763434,af3_tcr2,,B,NLVPMVATV,NLNPMVATV,True,TISGTDY,GLTSN,CILSNNNDMRF,GTSNPN,SVGIG,CAWTISDLAKNIQYF,0.4047296047210693,
V3P,False,1.2850931074573235,af3_tcr2,,B,NLVPMVATV,NLPPMVATV,True,TISGTDY,GLTSN,CILSNNNDMRF,GTSNPN,SVGIG,CAWTISDLAKNIQYF,0.621550440788269,
V3Q,False,2.8225695197335288,af3_tcr2,,B,NLVPMVATV,NLQPMVATV,True,TISGTDY,GLTSN,CILSNNNDMRF,GTSNPN,SVGIG,CAWTISDLAKNIQYF,0.3451820611953735,
V3R,False,3.2792494821517058,af3_tcr2,,B,NLVPMVATV,NLRPMVATV,True,TISGTDY,GLTSN,CILSNNNDMRF,GTSNPN,SVGIG,CAWTISDLAKNIQYF,0.4717695713043213,
V3S,False,6.750383108050541,af3_tcr2,,B,NLVPMVATV,NLSPMVATV,True,TISGTDY,GLTSN,CILSNNNDMRF,GTSNPN,SVGIG,CAWTISDLAKNIQYF,0.3724209070205688,
V3T,False,6.1603513065347935,af3_tcr2,,B,NLVPMVATV,NLTPMVATV,True,TISGTDY,GLTSN,CILSNNNDMRF,GTSNPN,SVGIG,CAWTISDLAKNIQYF,0.5957207679748535,
V3A,False,6.204124669167226,af3_tcr2,,B,NLVPMVATV,NLAPMVATV,True,TISGTDY,GLTSN,CILSNNNDMRF,GTSNPN,SVGIG,CAWTISDLAKNIQYF,0.4447875916957855,
V3V,True,6.750186592848219,af3_tcr2,,B,NLVPMVATV,NLVPMVATV,True,TISGTDY,GLTSN,CILSNNNDMRF,GTSNPN,SVGIG,CAWTISDLAKNIQYF,0.6023310574984383,0.125
V3F,False,-9.210340371976184,af3_tcr2,,B,NLVPMVATV,NLFPMVATV,False,TISGTDY,GLTSN,CILSNNNDMRF,GTSNPN,SVGIG,CAWTISDLAKNIQYF,0.5322978496551514,
V3K,False,-9.210340371976184,af3_tcr2,,B,NLVPMVATV,NLKPMVATV,False,TISGTDY,GLTSN,CILSNNNDMRF,GTSNPN,SVGIG,CAWTISDLAKNIQYF,0.3729143738746643,
V3M,False,-9.210340371976184,af3_tcr2,,B,NLVPMVATV,NLMPMVATV,False,TISGTDY,GLTSN,CILSNNNDMRF,GTSNPN,SVGIG,CAWTISDLAKNIQYF,0.6014601588249207,
V3W,False,-9.210340371976184,af3_tcr2,,B,NLVPMVATV,NLWPMVATV,False,TISGTDY,GLTSN,CILSNNNDMRF,GTSNPN,SVGIG,CAWTISDLAKNIQYF,0.4113098084926605,
V3Y,False,-9.210340371976184,af3_tcr2,,B,NLVPMVATV,NLYPMVATV,False,TISGTDY,GLTSN,CILSNNNDMRF,GTSNPN,SVGIG,CAWTISDLAKNIQYF,0.6015886664390564,
P4A,False,0.5438649888989484,af3_tcr2,,B,NLVPMVATV,NLVAMVATV,True,TISGTDY,GLTSN,CILSNNNDMRF,GTSNPN,SVGIG,CAWTISDLAKNIQYF,0.5003666877746582,
P4D,False,4.55318960682245,af3_tcr2,,B,NLVPMVATV,NLVDMVATV,True,TISGTDY,GLTSN,CILSNNNDMRF,GTSNPN,SVGIG,CAWTISDLAKNIQYF,0.5027076005935669,
P4W,False,-3.825767474565497,af3_tcr2,,B,NLVPMVATV,NLVWMVATV,True,TISGTDY,GLTSN,CILSNNNDMRF,GTSNPN,SVGIG,CAWTISDLAKNIQYF,0.2864420115947723,
P4G,False,7.054961418267018,af3_tcr2,,B,NLVPMVATV,NLVGMVATV,True,TISGTDY,GLTSN,CILSNNNDMRF,GTSNPN,SVGIG,CAWTISDLAKNIQYF,0.1970731616020202,
P4P,True,6.750186592848219,af3_tcr2,,B,NLVPMVATV,NLVPMVATV,True,TISGTDY,GLTSN,CILSNNNDMRF,GTSNPN,SVGIG,CAWTISDLAKNIQYF,0.6023310574984383,0.125
P4C,False,-9.210340371976184,af3_tcr2,,B,NLVPMVATV,NLVCMVATV,False,TISGTDY,GLTSN,CILSNNNDMRF,GTSNPN,SVGIG,CAWTISDLAKNIQYF,0.4378844201564789,
P4E,False,-9.210340371976184,af3_tcr2,,B,NLVPMVATV,NLVEMVATV,False,TISGTDY,GLTSN,CILSNNNDMRF,GTSNPN,SVGIG,CAWTISDLAKNIQYF,0.394634336233139,
P4F,False,-9.210340371976184,af3_tcr2,,B,NLVPMVATV,NLVFMVATV,False,TISGTDY,GLTSN,CILSNNNDMRF,GTSNPN,SVGIG,CAWTISDLAKNIQYF,0.3056979775428772,
P4H,False,-9.210340371976184,af3_tcr2,,B,NLVPMVATV,NLVHMVATV,False,TISGTDY,GLTSN,CILSNNNDMRF,GTSNPN,SVGIG,CAWTISDLAKNIQYF,0.3745165467262268,
P4I,False,-9.210340371976184,af3_tcr2,,B,NLVPMVATV,NLVIMVATV,False,TISGTDY,GLTSN,CILSNNNDMRF,GTSNPN,SVGIG,CAWTISDLAKNIQYF,0.4804134368896484,
P4K,False,-9.210340371976184,af3_tcr2,,B,NLVPMVATV,NLVKMVATV,False,TISGTDY,GLTSN,CILSNNNDMRF,GTSNPN,SVGIG,CAWTISDLAKNIQYF,0.387189656496048,
P4L,False,-9.210340371976184,af3_tcr2,,B,NLVPMVATV,NLVLMVATV,False,TISGTDY,GLTSN,CILSNNNDMRF,GTSNPN,SVGIG,CAWTISDLAKNIQYF,0.5043416023254395,
P4M,False,-9.210340371976184,af3_tcr2,,B,NLVPMVATV,NLVMMVATV,False,TISGTDY,GLTSN,CILSNNNDMRF,GTSNPN,SVGIG,CAWTISDLAKNIQYF,0.4172069430351257,
P4N,False,-9.210340371976184,af3_tcr2,,B,NLVPMVATV,NLVNMVATV,False,TISGTDY,GLTSN,CILSNNNDMRF,GTSNPN,SVGIG,CAWTISDLAKNIQYF,0.4328994750976562,
P4Q,False,-9.210340371976184,af3_tcr2,,B,NLVPMVATV,NLVQMVATV,False,TISGTDY,GLTSN,CILSNNNDMRF,GTSNPN,SVGIG,CAWTISDLAKNIQYF,0.226216048002243,
P4R,False,-9.210340371976184,af3_tcr2,,B,NLVPMVATV,NLVRMVATV,False,TISGTDY,GLTSN,CILSNNNDMRF,GTSNPN,SVGIG,CAWTISDLAKNIQYF,0.5174030065536499,
P4S,False,-9.210340371976184,af3_tcr2,,B,NLVPMVATV,NLVSMVATV,False,TISGTDY,GLTSN,CILSNNNDMRF,GTSNPN,SVGIG,CAWTISDLAKNIQYF,0.4350439012050628,
P4T,False,-9.210340371976184,af3_tcr2,,B,NLVPMVATV,NLVTMVATV,False,TISGTDY,GLTSN,CILSNNNDMRF,GTSNPN,SVGIG,CAWTISDLAKNIQYF,0.4708923697471618,
P4V,False,-9.210340371976184,af3_tcr2,,B,NLVPMVATV,NLVVMVATV,False,TISGTDY,GLTSN,CILSNNNDMRF,GTSNPN,SVGIG,CAWTISDLAKNIQYF,0.4853626787662506,
P4Y,False,-9.210340371976184,af3_tcr2,,B,NLVPMVATV,NLVYMVATV,False,TISGTDY,GLTSN,CILSNNNDMRF,GTSNPN,SVGIG,CAWTISDLAKNIQYF,0.3882696628570556,
M5H,False,-2.47352245377502,af3_tcr2,,B,NLVPMVATV,NLVPHVATV,True,TISGTDY,GLTSN,CILSNNNDMRF,GTSNPN,SVGIG,CAWTISDLAKNIQYF,0.4218370020389557,
M5K,False,-2.5296069735182027,af3_tcr2,,B,NLVPMVATV,NLVPKVATV,True,TISGTDY,GLTSN,CILSNNNDMRF,GTSNPN,SVGIG,CAWTISDLAKNIQYF,0.5075310468673706,
M5L,False,5.022634883258528,af3_tcr2,,B,NLVPMVATV,NLVPLVATV,True,TISGTDY,GLTSN,CILSNNNDMRF,GTSNPN,SVGIG,CAWTISDLAKNIQYF,0.6717928647994995,
M5N,False,-4.2855390327982485,af3_tcr2,,B,NLVPMVATV,NLVPNVATV,True,TISGTDY,GLTSN,CILSNNNDMRF,GTSNPN,SVGIG,CAWTISDLAKNIQYF,0.499607503414154,
M5P,False,-4.81735208802761,af3_tcr2,,B,NLVPMVATV,NLVPPVATV,True,TISGTDY,GLTSN,CILSNNNDMRF,GTSNPN,SVGIG,CAWTISDLAKNIQYF,0.5941232442855835,
M5S,False,2.5622537884228422,af3_tcr2,,B,NLVPMVATV,NLVPSVATV,True,TISGTDY,GLTSN,CILSNNNDMRF,GTSNPN,SVGIG,CAWTISDLAKNIQYF,0.5930110812187195,
M5W,False,-4.832109478461341,af3_tcr2,,B,NLVPMVATV,NLVPWVATV,True,TISGTDY,GLTSN,CILSNNNDMRF,GTSNPN,SVGIG,CAWTISDLAKNIQYF,0.4157188534736633,
M5M,True,6.750186592848219,af3_tcr2,,B,NLVPMVATV,NLVPMVATV,True,TISGTDY,GLTSN,CILSNNNDMRF,GTSNPN,SVGIG,CAWTISDLAKNIQYF,0.6023310574984383,0.125
M5A,False,-9.210340371976184,af3_tcr2,,B,NLVPMVATV,NLVPAVATV,False,TISGTDY,GLTSN,CILSNNNDMRF,GTSNPN,SVGIG,CAWTISDLAKNIQYF,0.6598583459854126,
M5C,False,-9.210340371976184,af3_tcr2,,B,NLVPMVATV,NLVPCVATV,False,TISGTDY,GLTSN,CILSNNNDMRF,GTSNPN,SVGIG,CAWTISDLAKNIQYF,0.5618011951446533,
M5D,False,-9.210340371976184,af3_tcr2,,B,NLVPMVATV,NLVPDVATV,False,TISGTDY,GLTSN,CILSNNNDMRF,GTSNPN,SVGIG,CAWTISDLAKNIQYF,0.4013160765171051,
M5E,False,-9.210340371976184,af3_tcr2,,B,NLVPMVATV,NLVPEVATV,False,TISGTDY,GLTSN,CILSNNNDMRF,GTSNPN,SVGIG,CAWTISDLAKNIQYF,0.4574831426143646,
M5F,False,-9.210340371976184,af3_tcr2,,B,NLVPMVATV,NLVPFVATV,False,TISGTDY,GLTSN,CILSNNNDMRF,GTSNPN,SVGIG,CAWTISDLAKNIQYF,0.4381077885627746,
M5G,False,-9.210340371976184,af3_tcr2,,B,NLVPMVATV,NLVPGVATV,False,TISGTDY,GLTSN,CILSNNNDMRF,GTSNPN,SVGIG,CAWTISDLAKNIQYF,0.3570525348186493,
M5Q,False,-9.210340371976184,af3_tcr2,,B,NLVPMVATV,NLVPQVATV,False,TISGTDY,GLTSN,CILSNNNDMRF,GTSNPN,SVGIG,CAWTISDLAKNIQYF,0.3117223381996155,
M5R,False,-9.210340371976184,af3_tcr2,,B,NLVPMVATV,NLVPRVATV,False,TISGTDY,GLTSN,CILSNNNDMRF,GTSNPN,SVGIG,CAWTISDLAKNIQYF,0.5807763338088989,
M5T,False,-9.210340371976184,af3_tcr2,,B,NLVPMVATV,NLVPTVATV,False,TISGTDY,GLTSN,CILSNNNDMRF,GTSNPN,SVGIG,CAWTISDLAKNIQYF,0.6572949290275574,
M5V,False,-9.210340371976184,af3_tcr2,,B,NLVPMVATV,NLVPVVATV,False,TISGTDY,GLTSN,CILSNNNDMRF,GTSNPN,SVGIG,CAWTISDLAKNIQYF,0.6685961484909058,
M5Y,False,-9.210340371976184,af3_tcr2,,B,NLVPMVATV,NLVPYVATV,False,TISGTDY,GLTSN,CILSNNNDMRF,GTSNPN,SVGIG,CAWTISDLAKNIQYF,0.5172351598739624,
M5I,False,-9.210340371976184,af3_tcr2,,B,NLVPMVATV,NLVPIVATV,False,TISGTDY,GLTSN,CILSNNNDMRF,GTSNPN,SVGIG,CAWTISDLAKNIQYF,0.6660760641098022,
V6C,False,5.43171897665203,af3_tcr2,,B,NLVPMVATV,NLVPMCATV,True,TISGTDY,GLTSN,CILSNNNDMRF,GTSNPN,SVGIG,CAWTISDLAKNIQYF,0.4128328859806061,
V6D,False,-4.070147599423224,af3_tcr2,,B,NLVPMVATV,NLVPMDATV,True,TISGTDY,GLTSN,CILSNNNDMRF,GTSNPN,SVGIG,CAWTISDLAKNIQYF,0.3936952352523803,
V6I,False,5.171906767077911,af3_tcr2,,B,NLVPMVATV,NLVPMIATV,True,TISGTDY,GLTSN,CILSNNNDMRF,GTSNPN,SVGIG,CAWTISDLAKNIQYF,0.6844934225082397,
V6L,False,4.64535534735229,af3_tcr2,,B,NLVPMVATV,NLVPMLATV,True,TISGTDY,GLTSN,CILSNNNDMRF,GTSNPN,SVGIG,CAWTISDLAKNIQYF,0.6505264043807983,
V6M,False,4.327110786897172,af3_tcr2,,B,NLVPMVATV,NLVPMMATV,True,TISGTDY,GLTSN,CILSNNNDMRF,GTSNPN,SVGIG,CAWTISDLAKNIQYF,0.6409875154495239,
V6R,False,0.6079853309638505,af3_tcr2,,B,NLVPMVATV,NLVPMRATV,True,TISGTDY,GLTSN,CILSNNNDMRF,GTSNPN,SVGIG,CAWTISDLAKNIQYF,0.4537548422813415,
V6T,False,5.804423128035765,af3_tcr2,,B,NLVPMVATV,NLVPMTATV,True,TISGTDY,GLTSN,CILSNNNDMRF,GTSNPN,SVGIG,CAWTISDLAKNIQYF,0.6147475242614746,
V6V,True,6.750186592848219,af3_tcr2,,B,NLVPMVATV,NLVPMVATV,True,TISGTDY,GLTSN,CILSNNNDMRF,GTSNPN,SVGIG,CAWTISDLAKNIQYF,0.6023310574984383,0.125
V6E,False,-9.210340371976184,af3_tcr2,,B,NLVPMVATV,NLVPMEATV,False,TISGTDY,GLTSN,CILSNNNDMRF,GTSNPN,SVGIG,CAWTISDLAKNIQYF,0.4209267497062683,
V6F,False,-9.210340371976184,af3_tcr2,,B,NLVPMVATV,NLVPMFATV,False,TISGTDY,GLTSN,CILSNNNDMRF,GTSNPN,SVGIG,CAWTISDLAKNIQYF,0.4794707298278808,
V6G,False,-9.210340371976184,af3_tcr2,,B,NLVPMVATV,NLVPMGATV,False,TISGTDY,GLTSN,CILSNNNDMRF,GTSNPN,SVGIG,CAWTISDLAKNIQYF,0.3257349133491516,
V6H,False,-9.210340371976184,af3_tcr2,,B,NLVPMVATV,NLVPMHATV,False,TISGTDY,GLTSN,CILSNNNDMRF,GTSNPN,SVGIG,CAWTISDLAKNIQYF,0.3664234280586242,
V6K,False,-9.210340371976184,af3_tcr2,,B,NLVPMVATV,NLVPMKATV,False,TISGTDY,GLTSN,CILSNNNDMRF,GTSNPN,SVGIG,CAWTISDLAKNIQYF,0.3982170820236206,
V6N,False,-9.210340371976184,af3_tcr2,,B,NLVPMVATV,NLVPMNATV,False,TISGTDY,GLTSN,CILSNNNDMRF,GTSNPN,SVGIG,CAWTISDLAKNIQYF,0.4126496911048889,
V6P,False,-9.210340371976184,af3_tcr2,,B,NLVPMVATV,NLVPMPATV,False,TISGTDY,GLTSN,CILSNNNDMRF,GTSNPN,SVGIG,CAWTISDLAKNIQYF,0.5618120431900024,
V6Q,False,-9.210340371976184,af3_tcr2,,B,NLVPMVATV,NLVPMQATV,False,TISGTDY,GLTSN,CILSNNNDMRF,GTSNPN,SVGIG,CAWTISDLAKNIQYF,0.3552057445049286,
V6S,False,-9.210340371976184,af3_tcr2,,B,NLVPMVATV,NLVPMSATV,False,TISGTDY,GLTSN,CILSNNNDMRF,GTSNPN,SVGIG,CAWTISDLAKNIQYF,0.4581812918186188,
V6W,False,-9.210340371976184,af3_tcr2,,B,NLVPMVATV,NLVPMWATV,False,TISGTDY,GLTSN,CILSNNNDMRF,GTSNPN,SVGIG,CAWTISDLAKNIQYF,0.4235537648200989,
V6Y,False,-9.210340371976184,af3_tcr2,,B,NLVPMVATV,NLVPMYATV,False,TISGTDY,GLTSN,CILSNNNDMRF,GTSNPN,SVGIG,CAWTISDLAKNIQYF,0.5449424386024475,
V6A,False,-9.210340371976184,af3_tcr2,,B,NLVPMVATV,NLVPMAATV,False,TISGTDY,GLTSN,CILSNNNDMRF,GTSNPN,SVGIG,CAWTISDLAKNIQYF,0.6359366178512573,
A7C,False,4.894967798444782,af3_tcr2,,B,NLVPMVATV,NLVPMVCTV,True,TISGTDY,GLTSN,CILSNNNDMRF,GTSNPN,SVGIG,CAWTISDLAKNIQYF,0.5711901783943176,
A7G,False,5.408340891281673,af3_tcr2,,B,NLVPMVATV,NLVPMVGTV,True,TISGTDY,GLTSN,CILSNNNDMRF,GTSNPN,SVGIG,CAWTISDLAKNIQYF,0.6010211706161499,
A7N,False,-4.2695718784508045,af3_tcr2,,B,NLVPMVATV,NLVPMVNTV,True,TISGTDY,GLTSN,CILSNNNDMRF,GTSNPN,SVGIG,CAWTISDLAKNIQYF,0.6731690168380737,
A7S,False,5.87605928882899,af3_tcr2,,B,NLVPMVATV,NLVPMVSTV,True,TISGTDY,GLTSN,CILSNNNDMRF,GTSNPN,SVGIG,CAWTISDLAKNIQYF,0.6826102137565613,
A7A,True,6.750186592848219,af3_tcr2,,B,NLVPMVATV,NLVPMVATV,True,TISGTDY,GLTSN,CILSNNNDMRF,GTSNPN,SVGIG,CAWTISDLAKNIQYF,0.6023310574984383,0.125
A7D,False,-9.210340371976184,af3_tcr2,,B,NLVPMVATV,NLVPMVDTV,False,TISGTDY,GLTSN,CILSNNNDMRF,GTSNPN,SVGIG,CAWTISDLAKNIQYF,0.6503952145576477,
A7E,False,-9.210340371976184,af3_tcr2,,B,NLVPMVATV,NLVPMVETV,False,TISGTDY,GLTSN,CILSNNNDMRF,GTSNPN,SVGIG,CAWTISDLAKNIQYF,0.6223154664039612,
A7F,False,-9.210340371976184,af3_tcr2,,B,NLVPMVATV,NLVPMVFTV,False,TISGTDY,GLTSN,CILSNNNDMRF,GTSNPN,SVGIG,CAWTISDLAKNIQYF,0.2491755187511444,
A7H,False,-9.210340371976184,af3_tcr2,,B,NLVPMVATV,NLVPMVHTV,False,TISGTDY,GLTSN,CILSNNNDMRF,GTSNPN,SVGIG,CAWTISDLAKNIQYF,0.4511784017086029,
A7I,False,-9.210340371976184,af3_tcr2,,B,NLVPMVATV,NLVPMVITV,False,TISGTDY,GLTSN,CILSNNNDMRF,GTSNPN,SVGIG,CAWTISDLAKNIQYF,0.5963248014450073,
A7K,False,-9.210340371976184,af3_tcr2,,B,NLVPMVATV,NLVPMVKTV,False,TISGTDY,GLTSN,CILSNNNDMRF,GTSNPN,SVGIG,CAWTISDLAKNIQYF,0.616550087928772,
A7L,False,-9.210340371976184,af3_tcr2,,B,NLVPMVATV,NLVPMVLTV,False,TISGTDY,GLTSN,CILSNNNDMRF,GTSNPN,SVGIG,CAWTISDLAKNIQYF,0.557645857334137,
A7M,False,-9.210340371976184,af3_tcr2,,B,NLVPMVATV,NLVPMVMTV,False,TISGTDY,GLTSN,CILSNNNDMRF,GTSNPN,SVGIG,CAWTISDLAKNIQYF,0.5579125881195068,
A7P,False,-9.210340371976184,af3_tcr2,,B,NLVPMVATV,NLVPMVPTV,False,TISGTDY,GLTSN,CILSNNNDMRF,GTSNPN,SVGIG,CAWTISDLAKNIQYF,0.6695138216018677,
A7Q,False,-9.210340371976184,af3_tcr2,,B,NLVPMVATV,NLVPMVQTV,False,TISGTDY,GLTSN,CILSNNNDMRF,GTSNPN,SVGIG,CAWTISDLAKNIQYF,0.3767104744911194,
A7R,False,-9.210340371976184,af3_tcr2,,B,NLVPMVATV,NLVPMVRTV,False,TISGTDY,GLTSN,CILSNNNDMRF,GTSNPN,SVGIG,CAWTISDLAKNIQYF,0.6280241012573242,
A7T,False,-9.210340371976184,af3_tcr2,,B,NLVPMVATV,NLVPMVTTV,False,TISGTDY,GLTSN,CILSNNNDMRF,GTSNPN,SVGIG,CAWTISDLAKNIQYF,0.6826597452163696,
A7W,False,-9.210340371976184,af3_tcr2,,B,NLVPMVATV,NLVPMVWTV,False,TISGTDY,GLTSN,CILSNNNDMRF,GTSNPN,SVGIG,CAWTISDLAKNIQYF,0.3132243454456329,
A7Y,False,-9.210340371976184,af3_tcr2,,B,NLVPMVATV,NLVPMVYTV,False,TISGTDY,GLTSN,CILSNNNDMRF,GTSNPN,SVGIG,CAWTISDLAKNIQYF,0.3287431597709656,
A7V,False,-9.210340371976184,af3_tcr2,,B,NLVPMVATV,NLVPMVVTV,False,TISGTDY,GLTSN,CILSNNNDMRF,GTSNPN,SVGIG,CAWTISDLAKNIQYF,0.6469475030899048,
T8C,False,5.172089586418694,af3_tcr2,,B,NLVPMVATV,NLVPMVACV,True,TISGTDY,GLTSN,CILSNNNDMRF,GTSNPN,SVGIG,CAWTISDLAKNIQYF,0.5614389181137085,
T8S,False,6.0329258099367005,af3_tcr2,,B,NLVPMVATV,NLVPMVASV,True,TISGTDY,GLTSN,CILSNNNDMRF,GTSNPN,SVGIG,CAWTISDLAKNIQYF,0.6648403406143188,
T8W,False,1.7775571091072544,af3_tcr2,,B,NLVPMVATV,NLVPMVAWV,True,TISGTDY,GLTSN,CILSNNNDMRF,GTSNPN,SVGIG,CAWTISDLAKNIQYF,0.4546849727630615,
T8T,True,6.750186592848219,af3_tcr2,,B,NLVPMVATV,NLVPMVATV,True,TISGTDY,GLTSN,CILSNNNDMRF,GTSNPN,SVGIG,CAWTISDLAKNIQYF,0.6023310574984383,0.125
T8A,False,-9.210340371976184,af3_tcr2,,B,NLVPMVATV,NLVPMVAAV,False,TISGTDY,GLTSN,CILSNNNDMRF,GTSNPN,SVGIG,CAWTISDLAKNIQYF,0.6499595642089844,
T8D,False,-9.210340371976184,af3_tcr2,,B,NLVPMVATV,NLVPMVADV,False,TISGTDY,GLTSN,CILSNNNDMRF,GTSNPN,SVGIG,CAWTISDLAKNIQYF,0.5685223340988159,
T8E,False,-9.210340371976184,af3_tcr2,,B,NLVPMVATV,NLVPMVAEV,False,TISGTDY,GLTSN,CILSNNNDMRF,GTSNPN,SVGIG,CAWTISDLAKNIQYF,0.5372065305709839,
T8F,False,-9.210340371976184,af3_tcr2,,B,NLVPMVATV,NLVPMVAFV,False,TISGTDY,GLTSN,CILSNNNDMRF,GTSNPN,SVGIG,CAWTISDLAKNIQYF,0.4641454815864563,
T8G,False,-9.210340371976184,af3_tcr2,,B,NLVPMVATV,NLVPMVAGV,False,TISGTDY,GLTSN,CILSNNNDMRF,GTSNPN,SVGIG,CAWTISDLAKNIQYF,0.4717817306518554,
T8H,False,-9.210340371976184,af3_tcr2,,B,NLVPMVATV,NLVPMVAHV,False,TISGTDY,GLTSN,CILSNNNDMRF,GTSNPN,SVGIG,CAWTISDLAKNIQYF,0.4522833824157715,
T8I,False,-9.210340371976184,af3_tcr2,,B,NLVPMVATV,NLVPMVAIV,False,TISGTDY,GLTSN,CILSNNNDMRF,GTSNPN,SVGIG,CAWTISDLAKNIQYF,0.5753165483474731,
T8K,False,-9.210340371976184,af3_tcr2,,B,NLVPMVATV,NLVPMVAKV,False,TISGTDY,GLTSN,CILSNNNDMRF,GTSNPN,SVGIG,CAWTISDLAKNIQYF,0.5244340300559998,
T8L,False,-9.210340371976184,af3_tcr2,,B,NLVPMVATV,NLVPMVALV,False,TISGTDY,GLTSN,CILSNNNDMRF,GTSNPN,SVGIG,CAWTISDLAKNIQYF,0.5689533948898315,
T8M,False,-9.210340371976184,af3_tcr2,,B,NLVPMVATV,NLVPMVAMV,False,TISGTDY,GLTSN,CILSNNNDMRF,GTSNPN,SVGIG,CAWTISDLAKNIQYF,0.5532376766204834,
T8P,False,-9.210340371976184,af3_tcr2,,B,NLVPMVATV,NLVPMVAPV,False,TISGTDY,GLTSN,CILSNNNDMRF,GTSNPN,SVGIG,CAWTISDLAKNIQYF,0.6406806707382202,
T8Q,False,-9.210340371976184,af3_tcr2,,B,NLVPMVATV,NLVPMVAQV,False,TISGTDY,GLTSN,CILSNNNDMRF,GTSNPN,SVGIG,CAWTISDLAKNIQYF,0.3834139704704284,
T8R,False,-9.210340371976184,af3_tcr2,,B,NLVPMVATV,NLVPMVARV,False,TISGTDY,GLTSN,CILSNNNDMRF,GTSNPN,SVGIG,CAWTISDLAKNIQYF,0.5571560859680176,
T8V,False,-9.210340371976184,af3_tcr2,,B,NLVPMVATV,NLVPMVAVV,False,TISGTDY,GLTSN,CILSNNNDMRF,GTSNPN,SVGIG,CAWTISDLAKNIQYF,0.6121773719787598,
T8Y,False,-9.210340371976184,af3_tcr2,,B,NLVPMVATV,NLVPMVAYV,False,TISGTDY,GLTSN,CILSNNNDMRF,GTSNPN,SVGIG,CAWTISDLAKNIQYF,0.5145398378372192,
T8N,False,-9.210340371976184,af3_tcr2,,B,NLVPMVATV,NLVPMVANV,False,TISGTDY,GLTSN,CILSNNNDMRF,GTSNPN,SVGIG,CAWTISDLAKNIQYF,0.6080604195594788,
V9C,False,5.620285085149563,af3_tcr2,,B,NLVPMVATV,NLVPMVATC,True,TISGTDY,GLTSN,CILSNNNDMRF,GTSNPN,SVGIG,CAWTISDLAKNIQYF,0.5573391914367676,
V9E,False,-1.4086805540321137,af3_tcr2,,B,NLVPMVATV,NLVPMVATE,True,TISGTDY,GLTSN,CILSNNNDMRF,GTSNPN,SVGIG,CAWTISDLAKNIQYF,0.435328871011734,
V9F,False,-1.2770490477882417,af3_tcr2,,B,NLVPMVATV,NLVPMVATF,True,TISGTDY,GLTSN,CILSNNNDMRF,GTSNPN,SVGIG,CAWTISDLAKNIQYF,0.5547474026679993,
V9G,False,1.0929085237652554,af3_tcr2,,B,NLVPMVATV,NLVPMVATG,True,TISGTDY,GLTSN,CILSNNNDMRF,GTSNPN,SVGIG,CAWTISDLAKNIQYF,0.5299713611602783,
V9I,False,6.158632349416118,af3_tcr2,,B,NLVPMVATV,NLVPMVATI,True,TISGTDY,GLTSN,CILSNNNDMRF,GTSNPN,SVGIG,CAWTISDLAKNIQYF,0.6883290410041809,
V9L,False,1.2581174295405255,af3_tcr2,,B,NLVPMVATV,NLVPMVATL,True,TISGTDY,GLTSN,CILSNNNDMRF,GTSNPN,SVGIG,CAWTISDLAKNIQYF,0.670129656791687,
V9M,False,2.290447648665288,af3_tcr2,,B,NLVPMVATV,NLVPMVATM,True,TISGTDY,GLTSN,CILSNNNDMRF,GTSNPN,SVGIG,CAWTISDLAKNIQYF,0.6722946166992188,
V9P,False,-0.8778786988964266,af3_tcr2,,B,NLVPMVATV,NLVPMVATP,True,TISGTDY,GLTSN,CILSNNNDMRF,GTSNPN,SVGIG,CAWTISDLAKNIQYF,0.6261892318725586,
V9S,False,0.9821833206828016,af3_tcr2,,B,NLVPMVATV,NLVPMVATS,True,TISGTDY,GLTSN,CILSNNNDMRF,GTSNPN,SVGIG,CAWTISDLAKNIQYF,0.5831104516983032,
V9T,False,3.297718682024078,af3_tcr2,,B,NLVPMVATV,NLVPMVATT,True,TISGTDY,GLTSN,CILSNNNDMRF,GTSNPN,SVGIG,CAWTISDLAKNIQYF,0.6644008159637451,
V9W,False,1.1526752396728968,af3_tcr2,,B,NLVPMVATV,NLVPMVATW,True,TISGTDY,GLTSN,CILSNNNDMRF,GTSNPN,SVGIG,CAWTISDLAKNIQYF,0.5455807447433472,
V9Y,False,-4.965520252223028,af3_tcr2,,B,NLVPMVATV,NLVPMVATY,True,TISGTDY,GLTSN,CILSNNNDMRF,GTSNPN,SVGIG,CAWTISDLAKNIQYF,0.5934696197509766,
V9A,False,5.5157726815491,af3_tcr2,,B,NLVPMVATV,NLVPMVATA,True,TISGTDY,GLTSN,CILSNNNDMRF,GTSNPN,SVGIG,CAWTISDLAKNIQYF,0.6564971208572388,
V9V,True,6.750186592848219,af3_tcr2,,B,NLVPMVATV,NLVPMVATV,True,TISGTDY,GLTSN,CILSNNNDMRF,GTSNPN,SVGIG,CAWTISDLAKNIQYF,0.6023310574984383,0.125
V9D,False,-9.210340371976184,af3_tcr2,,B,NLVPMVATV,NLVPMVATD,False,TISGTDY,GLTSN,CILSNNNDMRF,GTSNPN,SVGIG,CAWTISDLAKNIQYF,0.5427362322807312,
V9H,False,-9.210340371976184,af3_tcr2,,B,NLVPMVATV,NLVPMVATH,False,TISGTDY,GLTSN,CILSNNNDMRF,GTSNPN,SVGIG,CAWTISDLAKNIQYF,0.3704007565975189,
V9K,False,-9.210340371976184,af3_tcr2,,B,NLVPMVATV,NLVPMVATK,False,TISGTDY,GLTSN,CILSNNNDMRF,GTSNPN,SVGIG,CAWTISDLAKNIQYF,0.4071970880031585,
V9N,False,-9.210340371976184,af3_tcr2,,B,NLVPMVATV,NLVPMVATN,False,TISGTDY,GLTSN,CILSNNNDMRF,GTSNPN,SVGIG,CAWTISDLAKNIQYF,0.5156023502349854,
V9Q,False,-9.210340371976184,af3_tcr2,,B,NLVPMVATV,NLVPMVATQ,False,TISGTDY,GLTSN,CILSNNNDMRF,GTSNPN,SVGIG,CAWTISDLAKNIQYF,0.3440582752227783,
V9R,False,-9.210340371976184,af3_tcr2,,B,NLVPMVATV,NLVPMVATR,False,TISGTDY,GLTSN,CILSNNNDMRF,GTSNPN,SVGIG,CAWTISDLAKNIQYF,0.4914765954017639,
