organism	mhc_class	mhc	peptide	va	ja	cdr3a	vb	jb	cdr3b	pdbid	hcnn_model
human	1	B*35:01	MPIGAGLYSEW	TRAV20*01	TRAJ58*01	CAVQDLGTSGSRLTF	TRBV9*01	TRBJ2-2*01	CASSARSGELFF	4prp.pdb.human.MH1.B-35.A.C.DE	proteinmpnn_v_48_002
human	1	B*35:01	MPIGWGDYAEW	TRAV20*01	TRAJ58*01	CAVQDLGTSGSRLTF	TRBV9*01	TRBJ2-2*01	CASSARSGELFF	4prp.pdb.human.MH1.B-35.A.C.DE	proteinmpnn_v_48_002
human	1	B*35:01	LPIGRGDYSEL	TRAV20*01	TRAJ58*01	CAVQDLGTSGSRLTF	TRBV9*01	TRBJ2-2*01	CASSARSGELFF	4prp.pdb.human.MH1.B-35.A.C.DE	proteinmpnn_v_48_002
human	1	B*35:01	MPIGAGDYSDF	TRAV20*01	TRAJ58*01	CAVQDLGTSGSRLTF	TRBV9*01	TRBJ2-2*01	CASSARSGELFF	4prp.pdb.human.MH1.B-35.A.C.DE	proteinmpnn_v_48_002
human	1	B*35:01	MPIGSGDYSEF	TRAV20*01	TRAJ58*01	CAVQDLGTSGSRLTF	TRBV9*01	TRBJ2-2*01	CASSARSGELFF	4prp.pdb.human.MH1.B-35.A.C.DE	proteinmpnn_v_48_002
human	1	B*35:01	MPMGWGDYSEF	TRAV20*01	TRAJ58*01	CAVQDLGTSGSRLTF	TRBV9*01	TRBJ2-2*01	CASSARSGELFF	4prp.pdb.human.MH1.B-35.A.C.DE	proteinmpnn_v_48_002
human	1	B*35:01	MPIGAGEYSEY	TRAV20*01	TRAJ58*01	CAVQDLGTSGSRLTF	TRBV9*01	TRBJ2-2*01	CASSARSGELFF	4prp.pdb.human.MH1.B-35.A.C.DE	proteinmpnn_v_48_002
human	1	B*35:01	MPIGWGDYSEL	TRAV20*01	TRAJ58*01	CAVQDLGTSGSRLTF	TRBV9*01	TRBJ2-2*01	CASSARSGELFF	4prp.pdb.human.MH1.B-35.A.C.DE	proteinmpnn_v_48_002
human	1	B*35:01	MPIGNGEYSEF	TRAV20*01	TRAJ58*01	CAVQDLGTSGSRLTF	TRBV9*01	TRBJ2-2*01	CASSARSGELFF	4prp.pdb.human.MH1.B-35.A.C.DE	proteinmpnn_v_48_002
human	1	B*35:01	MPIGAGDYSEY	TRAV20*01	TRAJ58*01	CAVQDLGTSGSRLTF	TRBV9*01	TRBJ2-2*01	CASSARSGELFF	4prp.pdb.human.MH1.B-35.A.C.DE	proteinmpnn_v_48_002
human	1	B*35:01	MPIGFGLYSEY	TRAV20*01	TRAJ58*01	CAVQDLGTSGSRLTF	TRBV9*01	TRBJ2-2*01	CASSARSGELFF	4prp.pdb.human.MH1.B-35.A.C.DE	proteinmpnn_v_48_002
human	1	B*35:01	MPIGLGDYSEM	TRAV20*01	TRAJ58*01	CAVQDLGTSGSRLTF	TRBV9*01	TRBJ2-2*01	CASSARSGELFF	4prp.pdb.human.MH1.B-35.A.C.DE	proteinmpnn_v_48_002
human	1	B*35:01	MPIGKGDYSEL	TRAV20*01	TRAJ58*01	CAVQDLGTSGSRLTF	TRBV9*01	TRBJ2-2*01	CASSARSGELFF	4prp.pdb.human.MH1.B-35.A.C.DE	proteinmpnn_v_48_002
human	1	B*35:01	MPIGNGLYSEF	TRAV20*01	TRAJ58*01	CAVQDLGTSGSRLTF	TRBV9*01	TRBJ2-2*01	CASSARSGELFF	4prp.pdb.human.MH1.B-35.A.C.DE	proteinmpnn_v_48_002
human	1	B*35:01	MPIGDGDYSEL	TRAV20*01	TRAJ58*01	CAVQDLGTSGSRLTF	TRBV9*01	TRBJ2-2*01	CASSARSGELFF	4prp.pdb.human.MH1.B-35.A.C.DE	proteinmpnn_v_48_002
human	1	B*35:01	MPIGMGDYSEY	TRAV20*01	TRAJ58*01	CAVQDLGTSGSRLTF	TRBV9*01	TRBJ2-2*01	CASSARSGELFF	4prp.pdb.human.MH1.B-35.A.C.DE	proteinmpnn_v_48_002
human	1	B*35:01	MPIGMGDYSEF	TRAV20*01	TRAJ58*01	CAVQDLGTSGSRLTF	TRBV9*01	TRBJ2-2*01	CASSARSGELFF	4prp.pdb.human.MH1.B-35.A.C.DE	proteinmpnn_v_48_002
human	1	B*35:01	MPIGNGDYSEY	TRAV20*01	TRAJ58*01	CAVQDLGTSGSRLTF	TRBV9*01	TRBJ2-2*01	CASSARSGELFF	4prp.pdb.human.MH1.B-35.A.C.DE	proteinmpnn_v_48_002
human	1	B*35:01	MPIGAGEYSEF	TRAV20*01	TRAJ58*01	CAVQDLGTSGSRLTF	TRBV9*01	TRBJ2-2*01	CASSARSGELFF	4prp.pdb.human.MH1.B-35.A.C.DE	proteinmpnn_v_48_002
human	1	B*35:01	MPIGLGDYSDF	TRAV20*01	TRAJ58*01	CAVQDLGTSGSRLTF	TRBV9*01	TRBJ2-2*01	CASSARSGELFF	4prp.pdb.human.MH1.B-35.A.C.DE	proteinmpnn_v_48_002
human	1	B*35:01	MPIGSGDYSEL	TRAV20*01	TRAJ58*01	CAVQDLGTSGSRLTF	TRBV9*01	TRBJ2-2*01	CASSARSGELFF	4prp.pdb.human.MH1.B-35.A.C.DE	proteinmpnn_v_48_002
human	1	B*35:01	MPIGAGEYSEL	TRAV20*01	TRAJ58*01	CAVQDLGTSGSRLTF	TRBV9*01	TRBJ2-2*01	CASSARSGELFF	4prp.pdb.human.MH1.B-35.A.C.DE	proteinmpnn_v_48_002
human	1	B*35:01	MPIGWGLYSEL	TRAV20*01	TRAJ58*01	CAVQDLGTSGSRLTF	TRBV9*01	TRBJ2-2*01	CASSARSGELFF	4prp.pdb.human.MH1.B-35.A.C.DE	proteinmpnn_v_48_002
human	1	B*35:01	MPIGSGDYSEY	TRAV20*01	TRAJ58*01	CAVQDLGTSGSRLTF	TRBV9*01	TRBJ2-2*01	CASSARSGELFF	4prp.pdb.human.MH1.B-35.A.C.DE	proteinmpnn_v_48_002
human	1	B*35:01	MPIGFGDYSEL	TRAV20*01	TRAJ58*01	CAVQDLGTSGSRLTF	TRBV9*01	TRBJ2-2*01	CASSARSGELFF	4prp.pdb.human.MH1.B-35.A.C.DE	proteinmpnn_v_48_002
human	1	B*35:01	MPIGWGDYSEY	TRAV20*01	TRAJ58*01	CAVQDLGTSGSRLTF	TRBV9*01	TRBJ2-2*01	CASSARSGELFF	4prp.pdb.human.MH1.B-35.A.C.DE	proteinmpnn_v_48_002
human	1	B*35:01	MPIGAGLYSEY	TRAV20*01	TRAJ58*01	CAVQDLGTSGSRLTF	TRBV9*01	TRBJ2-2*01	CASSARSGELFF	4prp.pdb.human.MH1.B-35.A.C.DE	proteinmpnn_v_48_002
human	1	B*35:01	MPIGMGEYSEF	TRAV20*01	TRAJ58*01	CAVQDLGTSGSRLTF	TRBV9*01	TRBJ2-2*01	CASSARSGELFF	4prp.pdb.human.MH1.B-35.A.C.DE	proteinmpnn_v_48_002
human	1	B*35:01	MPIGFGDYAEW	TRAV20*01	TRAJ58*01	CAVQDLGTSGSRLTF	TRBV9*01	TRBJ2-2*01	CASSARSGELFF	4prp.pdb.human.MH1.B-35.A.C.DE	proteinmpnn_v_48_002
human	1	B*35:01	MPIGHGDYSEL	TRAV20*01	TRAJ58*01	CAVQDLGTSGSRLTF	TRBV9*01	TRBJ2-2*01	CASSARSGELFF	4prp.pdb.human.MH1.B-35.A.C.DE	proteinmpnn_v_48_002
human	1	B*35:01	MPIGWADYSEF	TRAV20*01	TRAJ58*01	CAVQDLGTSGSRLTF	TRBV9*01	TRBJ2-2*01	CASSARSGELFF	4prp.pdb.human.MH1.B-35.A.C.DE	proteinmpnn_v_48_002
human	1	B*35:01	MPIGAGDYSEW	TRAV20*01	TRAJ58*01	CAVQDLGTSGSRLTF	TRBV9*01	TRBJ2-2*01	CASSARSGELFF	4prp.pdb.human.MH1.B-35.A.C.DE	proteinmpnn_v_48_002
human	1	B*35:01	MPIGMGEYSEW	TRAV20*01	TRAJ58*01	CAVQDLGTSGSRLTF	TRBV9*01	TRBJ2-2*01	CASSARSGELFF	4prp.pdb.human.MH1.B-35.A.C.DE	proteinmpnn_v_48_002
human	1	B*35:01	MPIGFGDYSEF	TRAV20*01	TRAJ58*01	CAVQDLGTSGSRLTF	TRBV9*01	TRBJ2-2*01	CASSARSGELFF	4prp.pdb.human.MH1.B-35.A.C.DE	proteinmpnn_v_48_002
human	1	B*35:01	MPIGRGLYSEW	TRAV20*01	TRAJ58*01	CAVQDLGTSGSRLTF	TRBV9*01	TRBJ2-2*01	CASSARSGELFF	4prp.pdb.human.MH1.B-35.A.C.DE	proteinmpnn_v_48_002
human	1	B*35:01	MPIGFGDYSDL	TRAV20*01	TRAJ58*01	CAVQDLGTSGSRLTF	TRBV9*01	TRBJ2-2*01	CASSARSGELFF	4prp.pdb.human.MH1.B-35.A.C.DE	proteinmpnn_v_48_002
human	1	B*35:01	MPIGFGEYSEF	TRAV20*01	TRAJ58*01	CAVQDLGTSGSRLTF	TRBV9*01	TRBJ2-2*01	CASSARSGELFF	4prp.pdb.human.MH1.B-35.A.C.DE	proteinmpnn_v_48_002
human	1	B*35:01	MPIGAGDYSEL	TRAV20*01	TRAJ58*01	CAVQDLGTSGSRLTF	TRBV9*01	TRBJ2-2*01	CASSARSGELFF	4prp.pdb.human.MH1.B-35.A.C.DE	proteinmpnn_v_48_002
human	1	B*35:01	MPIGRGLYSEF	TRAV20*01	TRAJ58*01	CAVQDLGTSGSRLTF	TRBV9*01	TRBJ2-2*01	CASSARSGELFF	4prp.pdb.human.MH1.B-35.A.C.DE	proteinmpnn_v_48_002
human	1	B*35:01	MPIGRGLYSEY	TRAV20*01	TRAJ58*01	CAVQDLGTSGSRLTF	TRBV9*01	TRBJ2-2*01	CASSARSGELFF	4prp.pdb.human.MH1.B-35.A.C.DE	proteinmpnn_v_48_002
human	1	B*35:01	MPIGSGLYSEY	TRAV20*01	TRAJ58*01	CAVQDLGTSGSRLTF	TRBV9*01	TRBJ2-2*01	CASSARSGELFF	4prp.pdb.human.MH1.B-35.A.C.DE	proteinmpnn_v_48_002
human	1	B*35:01	MPIGNGLYSEY	TRAV20*01	TRAJ58*01	CAVQDLGTSGSRLTF	TRBV9*01	TRBJ2-2*01	CASSARSGELFF	4prp.pdb.human.MH1.B-35.A.C.DE	proteinmpnn_v_48_002
human	1	B*35:01	MPIGNGDYSEW	TRAV20*01	TRAJ58*01	CAVQDLGTSGSRLTF	TRBV9*01	TRBJ2-2*01	CASSARSGELFF	4prp.pdb.human.MH1.B-35.A.C.DE	proteinmpnn_v_48_002
human	1	B*35:01	MPIGRGDYSEL	TRAV20*01	TRAJ58*01	CAVQDLGTSGSRLTF	TRBV9*01	TRBJ2-2*01	CASSARSGELFF	4prp.pdb.human.MH1.B-35.A.C.DE	proteinmpnn_v_48_002
human	1	B*35:01	MPIGAGLYSEF	TRAV20*01	TRAJ58*01	CAVQDLGTSGSRLTF	TRBV9*01	TRBJ2-2*01	CASSARSGELFF	4prp.pdb.human.MH1.B-35.A.C.DE	proteinmpnn_v_48_002
human	1	B*35:01	MPIGRGLYSEL	TRAV20*01	TRAJ58*01	CAVQDLGTSGSRLTF	TRBV9*01	TRBJ2-2*01	CASSARSGELFF	4prp.pdb.human.MH1.B-35.A.C.DE	proteinmpnn_v_48_002
human	1	B*35:01	MPIGRGEYSEL	TRAV20*01	TRAJ58*01	CAVQDLGTSGSRLTF	TRBV9*01	TRBJ2-2*01	CASSARSGELFF	4prp.pdb.human.MH1.B-35.A.C.DE	proteinmpnn_v_48_002
human	1	B*35:01	MPIGWGDYSEW	TRAV20*01	TRAJ58*01	CAVQDLGTSGSRLTF	TRBV9*01	TRBJ2-2*01	CASSARSGELFF	4prp.pdb.human.MH1.B-35.A.C.DE	proteinmpnn_v_48_002
human	1	B*35:01	MPIGAGEYAEF	TRAV20*01	TRAJ58*01	CAVQDLGTSGSRLTF	TRBV9*01	TRBJ2-2*01	CASSARSGELFF	4prp.pdb.human.MH1.B-35.A.C.DE	proteinmpnn_v_48_002
human	1	B*35:01	MPIGRGDYSEF	TRAV20*01	TRAJ58*01	CAVQDLGTSGSRLTF	TRBV9*01	TRBJ2-2*01	CASSARSGELFF	4prp.pdb.human.MH1.B-35.A.C.DE	proteinmpnn_v_48_002
human	1	B*35:01	MPIGFGDYSEY	TRAV20*01	TRAJ58*01	CAVQDLGTSGSRLTF	TRBV9*01	TRBJ2-2*01	CASSARSGELFF	4prp.pdb.human.MH1.B-35.A.C.DE	proteinmpnn_v_48_002
human	1	B*35:01	MPIGNGNYSEF	TRAV20*01	TRAJ58*01	CAVQDLGTSGSRLTF	TRBV9*01	TRBJ2-2*01	CASSARSGELFF	4prp.pdb.human.MH1.B-35.A.C.DE	proteinmpnn_v_48_002
human	1	B*35:01	MPIGRGDYSEY	TRAV20*01	TRAJ58*01	CAVQDLGTSGSRLTF	TRBV9*01	TRBJ2-2*01	CASSARSGELFF	4prp.pdb.human.MH1.B-35.A.C.DE	proteinmpnn_v_48_002
human	1	B*35:01	LPIGFGLYSEW	TRAV20*01	TRAJ58*01	CAVQDLGTSGSRLTF	TRBV9*01	TRBJ2-2*01	CASSARSGELFF	4prp.pdb.human.MH1.B-35.A.C.DE	proteinmpnn_v_48_002
human	1	B*35:01	MPIGLGDYSEL	TRAV20*01	TRAJ58*01	CAVQDLGTSGSRLTF	TRBV9*01	TRBJ2-2*01	CASSARSGELFF	4prp.pdb.human.MH1.B-35.A.C.DE	proteinmpnn_v_48_002
human	1	B*35:01	MPIGLGDYSEY	TRAV20*01	TRAJ58*01	CAVQDLGTSGSRLTF	TRBV9*01	TRBJ2-2*01	CASSARSGELFF	4prp.pdb.human.MH1.B-35.A.C.DE	proteinmpnn_v_48_002
human	1	B*35:01	MPIGRGDYAEF	TRAV20*01	TRAJ58*01	CAVQDLGTSGSRLTF	TRBV9*01	TRBJ2-2*01	CASSARSGELFF	4prp.pdb.human.MH1.B-35.A.C.DE	proteinmpnn_v_48_002
human	1	B*35:01	MPIGLGDYSEF	TRAV20*01	TRAJ58*01	CAVQDLGTSGSRLTF	TRBV9*01	TRBJ2-2*01	CASSARSGELFF	4prp.pdb.human.MH1.B-35.A.C.DE	proteinmpnn_v_48_002
human	1	B*35:01	MPIGNGLYSEL	TRAV20*01	TRAJ58*01	CAVQDLGTSGSRLTF	TRBV9*01	TRBJ2-2*01	CASSARSGELFF	4prp.pdb.human.MH1.B-35.A.C.DE	proteinmpnn_v_48_002
human	1	B*35:01	MPIGEGLYSEF	TRAV20*01	TRAJ58*01	CAVQDLGTSGSRLTF	TRBV9*01	TRBJ2-2*01	CASSARSGELFF	4prp.pdb.human.MH1.B-35.A.C.DE	proteinmpnn_v_48_002
human	1	B*35:01	MPIGAGNYSEL	TRAV20*01	TRAJ58*01	CAVQDLGTSGSRLTF	TRBV9*01	TRBJ2-2*01	CASSARSGELFF	4prp.pdb.human.MH1.B-35.A.C.DE	proteinmpnn_v_48_002
human	1	B*35:01	MPIGQGDYSEY	TRAV20*01	TRAJ58*01	CAVQDLGTSGSRLTF	TRBV9*01	TRBJ2-2*01	CASSARSGELFF	4prp.pdb.human.MH1.B-35.A.C.DE	proteinmpnn_v_48_002
human	1	B*35:01	MPIGNGDYSEL	TRAV20*01	TRAJ58*01	CAVQDLGTSGSRLTF	TRBV9*01	TRBJ2-2*01	CASSARSGELFF	4prp.pdb.human.MH1.B-35.A.C.DE	proteinmpnn_v_48_002
human	1	B*35:01	MPIGLGDYSEW	TRAV20*01	TRAJ58*01	CAVQDLGTSGSRLTF	TRBV9*01	TRBJ2-2*01	CASSARSGELFF	4prp.pdb.human.MH1.B-35.A.C.DE	proteinmpnn_v_48_002
human	1	B*35:01	MPIGHGDYSEF	TRAV20*01	TRAJ58*01	CAVQDLGTSGSRLTF	TRBV9*01	TRBJ2-2*01	CASSARSGELFF	4prp.pdb.human.MH1.B-35.A.C.DE	proteinmpnn_v_48_002
human	1	B*35:01	MPIGRGDFSEF	TRAV20*01	TRAJ58*01	CAVQDLGTSGSRLTF	TRBV9*01	TRBJ2-2*01	CASSARSGELFF	4prp.pdb.human.MH1.B-35.A.C.DE	proteinmpnn_v_48_002
human	1	B*35:01	MPIGAGDYSEF	TRAV20*01	TRAJ58*01	CAVQDLGTSGSRLTF	TRBV9*01	TRBJ2-2*01	CASSARSGELFF	4prp.pdb.human.MH1.B-35.A.C.DE	proteinmpnn_v_48_002
human	1	B*35:01	MPIGRGDYSEW	TRAV20*01	TRAJ58*01	CAVQDLGTSGSRLTF	TRBV9*01	TRBJ2-2*01	CASSARSGELFF	4prp.pdb.human.MH1.B-35.A.C.DE	proteinmpnn_v_48_002
human	1	B*35:01	MPIGEGLYSEY	TRAV20*01	TRAJ58*01	CAVQDLGTSGSRLTF	TRBV9*01	TRBJ2-2*01	CASSARSGELFF	4prp.pdb.human.MH1.B-35.A.C.DE	proteinmpnn_v_48_002
human	1	B*35:01	MPIGNGDYSEF	TRAV20*01	TRAJ58*01	CAVQDLGTSGSRLTF	TRBV9*01	TRBJ2-2*01	CASSARSGELFF	4prp.pdb.human.MH1.B-35.A.C.DE	proteinmpnn_v_48_002
