sequence,pdb,chain,pnE,pnlogp
HPVGNADYWQY,3mv7.pdb.human.MH1.B-35.A.C.DE,B,68.915855,-7.3407607
HPVGNADYWQY,4prp.pdb.human.MH1.B-35.A.C.DE,B,63.9235,-9.18795
MPIGHADFWEY,3mv7.pdb.human.MH1.B-35.A.C.DE,B,75.30167,-5.39512
MPIGHADFWEY,4prp.pdb.human.MH1.B-35.A.C.DE,B,74.70045,-6.112384
MPVGRADYWQY,3mv7.pdb.human.MH1.B-35.A.C.DE,B,68.449974,-7.1172557
MPVGRADYWQY,4prp.pdb.human.MH1.B-35.A.C.DE,B,67.67531,-8.369089
HPMGMADHWMY,3mv7.pdb.human.MH1.B-35.A.C.DE,B,61.58051,-12.046998
HPMGMADHWMY,4prp.pdb.human.MH1.B-35.A.C.DE,B,60.995483,-11.311187
HPVGRADFWQY,3mv7.pdb.human.MH1.B-35.A.C.DE,B,70.78511,-5.408987
HPVGRADFWQY,4prp.pdb.human.MH1.B-35.A.C.DE,B,67.57559,-8.002833
FPFGQGDFQNY,3mv7.pdb.human.MH1.B-35.A.C.DE,B,60.54455,-11.33221
FPFGQGDFQNY,4prp.pdb.human.MH1.B-35.A.C.DE,B,58.799572,-13.386915
HPYGEGDFWEF,3mv7.pdb.human.MH1.B-35.A.C.DE,B,65.76137,-6.8217607
HPYGEGDFWEF,4prp.pdb.human.MH1.B-35.A.C.DE,B,67.89847,-7.599514
MPLGFADHWNY,3mv7.pdb.human.MH1.B-35.A.C.DE,B,71.03986,-6.106748
MPLGFADHWNY,4prp.pdb.human.MH1.B-35.A.C.DE,B,69.049446,-6.378338
HPTGEADFWEY,3mv7.pdb.human.MH1.B-35.A.C.DE,B,66.886536,-8.256427
HPTGEADFWEY,4prp.pdb.human.MH1.B-35.A.C.DE,B,66.18515,-10.569108
FPIGMGDFWPY,3mv7.pdb.human.MH1.B-35.A.C.DE,B,66.071144,-7.8269477
FPIGMGDFWPY,4prp.pdb.human.MH1.B-35.A.C.DE,B,72.34105,-4.036972
YPYGTADFYEY,3mv7.pdb.human.MH1.B-35.A.C.DE,B,65.90242,-9.433125
YPYGTADFYEY,4prp.pdb.human.MH1.B-35.A.C.DE,B,63.459297,-8.844636
HPVGYGDYWQF,3mv7.pdb.human.MH1.B-35.A.C.DE,B,67.01203,-8.108454
HPVGYGDYWQF,4prp.pdb.human.MH1.B-35.A.C.DE,B,69.44436,-9.12423
FPYGKGDYWTY,3mv7.pdb.human.MH1.B-35.A.C.DE,B,67.52447,-8.655621
FPYGKGDYWTY,4prp.pdb.human.MH1.B-35.A.C.DE,B,76.01972,-5.574511
YPFGKGDFWEF,3mv7.pdb.human.MH1.B-35.A.C.DE,B,69.37154,-8.770851
YPFGKGDFWEF,4prp.pdb.human.MH1.B-35.A.C.DE,B,69.884026,-6.7497673
HPVGQADFYQY,3mv7.pdb.human.MH1.B-35.A.C.DE,B,61.05042,-10.736795
HPVGQADFYQY,4prp.pdb.human.MH1.B-35.A.C.DE,B,56.471016,-13.418985
MPIGRADHWEY,3mv7.pdb.human.MH1.B-35.A.C.DE,B,70.37698,-5.934106
MPIGRADHWEY,4prp.pdb.human.MH1.B-35.A.C.DE,B,69.779144,-6.822364
MPLGFGDYWKF,3mv7.pdb.human.MH1.B-35.A.C.DE,B,68.61895,-5.746039
MPLGFGDYWKF,4prp.pdb.human.MH1.B-35.A.C.DE,B,69.34053,-6.6026263
YPFGRSDYWEF,3mv7.pdb.human.MH1.B-35.A.C.DE,B,65.18937,-11.056696
YPFGRSDYWEF,4prp.pdb.human.MH1.B-35.A.C.DE,B,66.33155,-9.2272
QPIGHADYFEY,3mv7.pdb.human.MH1.B-35.A.C.DE,B,60.77569,-12.550245
QPIGHADYFEY,4prp.pdb.human.MH1.B-35.A.C.DE,B,62.042564,-10.836857
HPLGRADFWEY,3mv7.pdb.human.MH1.B-35.A.C.DE,B,75.23589,-3.7639823
HPLGRADFWEY,4prp.pdb.human.MH1.B-35.A.C.DE,B,71.80535,-4.6847887
FPMGFADFWQF,3mv7.pdb.human.MH1.B-35.A.C.DE,B,71.28504,-7.0465145
FPMGFADFWQF,4prp.pdb.human.MH1.B-35.A.C.DE,B,70.518875,-6.857601
FPIATCDFWTY,3mv7.pdb.human.MH1.B-35.A.C.DE,B,60.539032,-10.463217
FPIATCDFWTY,4prp.pdb.human.MH1.B-35.A.C.DE,B,60.97081,-6.520506
YPLGFDDYVRY,3mv7.pdb.human.MH1.B-35.A.C.DE,B,57.713238,-11.917212
YPLGFDDYVRY,4prp.pdb.human.MH1.B-35.A.C.DE,B,53.12282,-14.833479
YPYGPRDYTTY,3mv7.pdb.human.MH1.B-35.A.C.DE,B,65.71082,-10.272836
YPYGPRDYTTY,4prp.pdb.human.MH1.B-35.A.C.DE,B,66.0185,-7.3103294
FAMAFSDYDRY,3mv7.pdb.human.MH1.B-35.A.C.DE,B,59.965687,-7.887419
FAMAFSDYDRY,4prp.pdb.human.MH1.B-35.A.C.DE,B,53.7308,-10.273135
GPCAYRDYWEY,3mv7.pdb.human.MH1.B-35.A.C.DE,B,75.42911,-3.8650262
GPCAYRDYWEY,4prp.pdb.human.MH1.B-35.A.C.DE,B,71.40844,-5.991189
FPFALFDFAGY,3mv7.pdb.human.MH1.B-35.A.C.DE,B,84.19469,-3.9432275
FPFALFDFAGY,4prp.pdb.human.MH1.B-35.A.C.DE,B,79.06234,-2.6810567
FPLGYYWGWGY,3mv7.pdb.human.MH1.B-35.A.C.DE,B,71.19182,-12.401388
FPLGYYWGWGY,4prp.pdb.human.MH1.B-35.A.C.DE,B,71.87746,-12.244035
TPLGISDYEEY,3mv7.pdb.human.MH1.B-35.A.C.DE,B,58.22498,-11.86097
TPLGISDYEEY,4prp.pdb.human.MH1.B-35.A.C.DE,B,56.938145,-10.526167
MAYAYKDYDTY,3mv7.pdb.human.MH1.B-35.A.C.DE,B,60.88328,-4.086226
MAYAYKDYDTY,4prp.pdb.human.MH1.B-35.A.C.DE,B,62.75707,-5.6619415
GPYAFKDFDEY,3mv7.pdb.human.MH1.B-35.A.C.DE,B,73.35911,-4.1378355
GPYAFKDFDEY,4prp.pdb.human.MH1.B-35.A.C.DE,B,68.70375,-4.4803395
YPLGYKDYWLY,3mv7.pdb.human.MH1.B-35.A.C.DE,B,65.98706,-6.4912024
YPLGYKDYWLY,4prp.pdb.human.MH1.B-35.A.C.DE,B,67.07161,-7.736159
FPFGEGEGFGY,3mv7.pdb.human.MH1.B-35.A.C.DE,B,87.64488,-1.281631
FPFGEGEGFGY,4prp.pdb.human.MH1.B-35.A.C.DE,B,83.21538,-2.841468
FPYGYADGAGY,3mv7.pdb.human.MH1.B-35.A.C.DE,B,87.84159,-3.1086798
FPYGYADGAGY,4prp.pdb.human.MH1.B-35.A.C.DE,B,84.25222,-3.2852256
FPIAYRDFWTY,3mv7.pdb.human.MH1.B-35.A.C.DE,B,72.24492,-4.5232873
FPIAYRDFWTY,4prp.pdb.human.MH1.B-35.A.C.DE,B,74.01408,-5.54281
FPIAGRDFWTY,3mv7.pdb.human.MH1.B-35.A.C.DE,B,70.30895,-5.230427
FPIAGRDFWTY,4prp.pdb.human.MH1.B-35.A.C.DE,B,69.86844,-5.683762
YPLGFRDYVLY,3mv7.pdb.human.MH1.B-35.A.C.DE,B,66.85656,-7.727049
YPLGFRDYVLY,4prp.pdb.human.MH1.B-35.A.C.DE,B,66.290764,-9.137952
YPFGFGDFVYY,3mv7.pdb.human.MH1.B-35.A.C.DE,B,66.34109,-10.1898575
YPFGFGDFVYY,4prp.pdb.human.MH1.B-35.A.C.DE,B,68.533844,-9.168263
YPLPLTDYAGY,3mv7.pdb.human.MH1.B-35.A.C.DE,B,79.842674,-6.7199616
YPLPLTDYAGY,4prp.pdb.human.MH1.B-35.A.C.DE,B,76.64932,-7.183178
YPFGYGDYWLY,3mv7.pdb.human.MH1.B-35.A.C.DE,B,63.473473,-11.62725
YPFGYGDYWLY,4prp.pdb.human.MH1.B-35.A.C.DE,B,70.28318,-5.1220617
YPFGQSDHWIF,3mv7.pdb.human.MH1.B-35.A.C.DE,B,56.294907,-16.68588
YPFGQSDHWIF,4prp.pdb.human.MH1.B-35.A.C.DE,B,59.82935,-14.203704
MPFGQADYWEF,3mv7.pdb.human.MH1.B-35.A.C.DE,B,61.91024,-11.346855
MPFGQADYWEF,4prp.pdb.human.MH1.B-35.A.C.DE,B,64.198364,-7.8300114
MPMGQADFWHY,3mv7.pdb.human.MH1.B-35.A.C.DE,B,65.45437,-8.186529
MPMGQADFWHY,4prp.pdb.human.MH1.B-35.A.C.DE,B,63.187443,-11.783849
YPFGFADHWQY,3mv7.pdb.human.MH1.B-35.A.C.DE,B,64.30146,-11.68523
YPFGFADHWQY,4prp.pdb.human.MH1.B-35.A.C.DE,B,67.603714,-7.1123824
VPFGQSDYWNF,3mv7.pdb.human.MH1.B-35.A.C.DE,B,60.131332,-13.15905
VPFGQSDYWNF,4prp.pdb.human.MH1.B-35.A.C.DE,B,61.125767,-10.631283
YPFGESNFWEL,3mv7.pdb.human.MH1.B-35.A.C.DE,B,55.056557,-19.090609
YPFGESNFWEL,4prp.pdb.human.MH1.B-35.A.C.DE,B,58.4725,-15.942129
MPIGFGDYWNY,3mv7.pdb.human.MH1.B-35.A.C.DE,B,70.24715,-4.489742
MPIGFGDYWNY,4prp.pdb.human.MH1.B-35.A.C.DE,B,75.239624,-4.9885936
HPVGQADFWDF,3mv7.pdb.human.MH1.B-35.A.C.DE,B,72.17766,-4.9760756
HPVGQADFWDF,4prp.pdb.human.MH1.B-35.A.C.DE,B,72.222855,-6.0144105
YPVGMADFWEY,3mv7.pdb.human.MH1.B-35.A.C.DE,B,74.24886,-5.976767
YPVGMADFWEY,4prp.pdb.human.MH1.B-35.A.C.DE,B,75.05476,-7.327271
FPFGMSDYWEF,3mv7.pdb.human.MH1.B-35.A.C.DE,B,62.593494,-14.413479
FPFGMSDYWEF,4prp.pdb.human.MH1.B-35.A.C.DE,B,66.75743,-10.477617
EPIGEANYWQY,3mv7.pdb.human.MH1.B-35.A.C.DE,B,64.90635,-11.255404
EPIGEANYWQY,4prp.pdb.human.MH1.B-35.A.C.DE,B,65.204735,-13.1306095
YPFGHSTYHEF,3mv7.pdb.human.MH1.B-35.A.C.DE,B,47.38642,-25.200468
YPFGHSTYHEF,4prp.pdb.human.MH1.B-35.A.C.DE,B,53.52528,-26.647827
IPFGEADFWEY,3mv7.pdb.human.MH1.B-35.A.C.DE,B,64.562004,-10.3365555
IPFGEADFWEY,4prp.pdb.human.MH1.B-35.A.C.DE,B,67.46424,-6.0704494
MPMGHSDHWEY,3mv7.pdb.human.MH1.B-35.A.C.DE,B,62.539585,-11.314575
MPMGHSDHWEY,4prp.pdb.human.MH1.B-35.A.C.DE,B,63.077496,-11.452356
FPVGFADFWEY,3mv7.pdb.human.MH1.B-35.A.C.DE,B,79.73008,-3.909538
FPVGFADFWEY,4prp.pdb.human.MH1.B-35.A.C.DE,B,80.87087,-2.7910655
YPVGHADYWEY,3mv7.pdb.human.MH1.B-35.A.C.DE,B,74.506615,-7.1739984
YPVGHADYWEY,4prp.pdb.human.MH1.B-35.A.C.DE,B,74.6493,-8.124714
FPFGMADYWTF,3mv7.pdb.human.MH1.B-35.A.C.DE,B,63.649715,-12.815524
FPFGMADYWTF,4prp.pdb.human.MH1.B-35.A.C.DE,B,66.645935,-8.635335
LPIGEADFWEY,3mv7.pdb.human.MH1.B-35.A.C.DE,B,76.16396,-3.9942837
LPIGEADFWEY,4prp.pdb.human.MH1.B-35.A.C.DE,B,74.8827,-3.847832
QPLGLGDYWQF,3mv7.pdb.human.MH1.B-35.A.C.DE,B,62.595806,-8.867673
QPLGLGDYWQF,4prp.pdb.human.MH1.B-35.A.C.DE,B,64.984985,-9.845061
QPIGMADYWVY,3mv7.pdb.human.MH1.B-35.A.C.DE,B,66.525795,-8.642987
QPIGMADYWVY,4prp.pdb.human.MH1.B-35.A.C.DE,B,66.37613,-9.0054035
FPVGYKDYWTY,3mv7.pdb.human.MH1.B-35.A.C.DE,B,71.32907,-5.597077
FPVGYKDYWTY,4prp.pdb.human.MH1.B-35.A.C.DE,B,76.09744,-5.173483
MPIGEGYPWLY,3mv7.pdb.human.MH1.B-35.A.C.DE,B,47.85123,-15.337363
MPIGEGYPWLY,4prp.pdb.human.MH1.B-35.A.C.DE,B,57.90029,-10.673574
YPIGTVPYWGY,3mv7.pdb.human.MH1.B-35.A.C.DE,B,56.29567,-11.789906
YPIGTVPYWGY,4prp.pdb.human.MH1.B-35.A.C.DE,B,65.4155,-9.492586
YPFALPDYAYY,3mv7.pdb.human.MH1.B-35.A.C.DE,B,67.02564,-4.8438487
YPFALPDYAYY,4prp.pdb.human.MH1.B-35.A.C.DE,B,66.54509,-5.566007
FPLPLTDYAHY,3mv7.pdb.human.MH1.B-35.A.C.DE,B,67.141205,-7.4892707
FPLPLTDYAHY,4prp.pdb.human.MH1.B-35.A.C.DE,B,64.30486,-9.040691
LPLAMRDYWVY,3mv7.pdb.human.MH1.B-35.A.C.DE,B,65.426216,-7.302809
LPLAMRDYWVY,4prp.pdb.human.MH1.B-35.A.C.DE,B,63.243618,-8.1988735
MPIGGADFWTY,3mv7.pdb.human.MH1.B-35.A.C.DE,B,79.96663,-2.829436
MPIGGADFWTY,4prp.pdb.human.MH1.B-35.A.C.DE,B,78.41608,-3.2240424
LACGFGDFWEY,3mv7.pdb.human.MH1.B-35.A.C.DE,B,65.73431,-4.718606
LACGFGDFWEY,4prp.pdb.human.MH1.B-35.A.C.DE,B,68.563126,-3.0999007
LAIGYADFWTY,3mv7.pdb.human.MH1.B-35.A.C.DE,B,68.97533,-4.5240464
LAIGYADFWTY,4prp.pdb.human.MH1.B-35.A.C.DE,B,70.06012,-4.9813457
YPATFTDDAGY,3mv7.pdb.human.MH1.B-35.A.C.DE,B,74.67133,-7.767105
YPATFTDDAGY,4prp.pdb.human.MH1.B-35.A.C.DE,B,72.256584,-9.984596
YPFGPIDFAPY,3mv7.pdb.human.MH1.B-35.A.C.DE,B,69.57629,-5.52956
YPFGPIDFAPY,4prp.pdb.human.MH1.B-35.A.C.DE,B,75.814705,-3.5138848
YPAAMIPYAEF,3mv7.pdb.human.MH1.B-35.A.C.DE,B,60.125732,-10.170965
YPAAMIPYAEF,4prp.pdb.human.MH1.B-35.A.C.DE,B,60.01714,-10.386226
LAIGPRDYWFY,3mv7.pdb.human.MH1.B-35.A.C.DE,B,58.44823,-7.4674926
LAIGPRDYWFY,4prp.pdb.human.MH1.B-35.A.C.DE,B,59.501904,-7.6907353
LPFGGADGNGY,3mv7.pdb.human.MH1.B-35.A.C.DE,B,83.24933,-7.4331493
LPFGGADGNGY,4prp.pdb.human.MH1.B-35.A.C.DE,B,77.49215,-5.295549
YPLAARDYEVY,3mv7.pdb.human.MH1.B-35.A.C.DE,B,56.285835,-11.645142
YPLAARDYEVY,4prp.pdb.human.MH1.B-35.A.C.DE,B,57.12179,-9.953813
YGWPVRDGEGY,3mv7.pdb.human.MH1.B-35.A.C.DE,B,54.944008,-18.050987
YGWPVRDGEGY,4prp.pdb.human.MH1.B-35.A.C.DE,B,59.657642,-12.459591
YPYGWGDYTSY,3mv7.pdb.human.MH1.B-35.A.C.DE,B,64.018166,-14.039525
YPYGWGDYTSY,4prp.pdb.human.MH1.B-35.A.C.DE,B,74.54474,-5.93542
MPIGYRDFEGY,3mv7.pdb.human.MH1.B-35.A.C.DE,B,74.24881,-6.1130347
MPIGYRDFEGY,4prp.pdb.human.MH1.B-35.A.C.DE,B,75.895,-6.6899943
YPFALRDFWYY,3mv7.pdb.human.MH1.B-35.A.C.DE,B,62.76407,-8.554489
YPFALRDFWYY,4prp.pdb.human.MH1.B-35.A.C.DE,B,62.247646,-7.6111937
FPFGMFDYYVY,3mv7.pdb.human.MH1.B-35.A.C.DE,B,46.357086,-18.37281
FPFGMFDYYVY,4prp.pdb.human.MH1.B-35.A.C.DE,B,54.394867,-15.665806
AAFGGIDYGGY,3mv7.pdb.human.MH1.B-35.A.C.DE,B,76.79523,-2.8948116
AAFGGIDYGGY,4prp.pdb.human.MH1.B-35.A.C.DE,B,77.12009,-4.111903
YPFGPFDGLTY,3mv7.pdb.human.MH1.B-35.A.C.DE,B,68.041504,-6.722006
YPFGPFDGLTY,4prp.pdb.human.MH1.B-35.A.C.DE,B,64.45146,-8.053012
YPFALRDFWEY,3mv7.pdb.human.MH1.B-35.A.C.DE,B,64.37723,-6.8100395
YPFALRDFWEY,4prp.pdb.human.MH1.B-35.A.C.DE,B,61.47248,-7.244917
HPIGQGDFWEF,3mv7.pdb.human.MH1.B-35.A.C.DE,B,69.32407,-5.020944
HPIGQGDFWEF,4prp.pdb.human.MH1.B-35.A.C.DE,B,73.43877,-5.368406
YPVGQANFWEF,3mv7.pdb.human.MH1.B-35.A.C.DE,B,67.73998,-11.279472
YPVGQANFWEF,4prp.pdb.human.MH1.B-35.A.C.DE,B,71.50415,-12.034411
HPVGEADFWRY,3mv7.pdb.human.MH1.B-35.A.C.DE,B,72.143585,-5.3633757
HPVGEADFWRY,4prp.pdb.human.MH1.B-35.A.C.DE,B,73.561554,-5.954847
HPHGEADYWQY,3mv7.pdb.human.MH1.B-35.A.C.DE,B,67.22241,-7.5269866
HPHGEADYWQY,4prp.pdb.human.MH1.B-35.A.C.DE,B,63.212387,-9.751098
MPVGKADFWEY,3mv7.pdb.human.MH1.B-35.A.C.DE,B,71.864655,-6.347373
MPVGKADFWEY,4prp.pdb.human.MH1.B-35.A.C.DE,B,71.97048,-5.937766
MPLGQADFWEF,3mv7.pdb.human.MH1.B-35.A.C.DE,B,74.358986,-4.5300593
MPLGQADFWEF,4prp.pdb.human.MH1.B-35.A.C.DE,B,72.579865,-5.5168266
FPFAYHDFTEY,3mv7.pdb.human.MH1.B-35.A.C.DE,B,75.85983,-3.0752947
FPFAYHDFTEY,4prp.pdb.human.MH1.B-35.A.C.DE,B,71.85332,-4.5406427
HALGQGDEWTY,3mv7.pdb.human.MH1.B-35.A.C.DE,B,57.962013,-4.789953
HALGQGDEWTY,4prp.pdb.human.MH1.B-35.A.C.DE,B,61.133842,-5.9577937
FPMAFADYSEY,3mv7.pdb.human.MH1.B-35.A.C.DE,B,74.98022,-3.6927357
FPMAFADYSEY,4prp.pdb.human.MH1.B-35.A.C.DE,B,72.70947,-3.233655
FALPLHDYWEY,3mv7.pdb.human.MH1.B-35.A.C.DE,B,54.992477,-12.161888
FALPLHDYWEY,4prp.pdb.human.MH1.B-35.A.C.DE,B,54.103973,-12.176955
HPVGEADYFEY,3mv7.pdb.human.MH1.B-35.A.C.DE,B,64.315704,-8.61424
HPVGEADYFEY,4prp.pdb.human.MH1.B-35.A.C.DE,B,58.98098,-10.911152
HPVGQADYFEY,3mv7.pdb.human.MH1.B-35.A.C.DE,B,62.97532,-10.727398
HPVGQADYFEY,4prp.pdb.human.MH1.B-35.A.C.DE,B,58.40098,-10.052478
