Unnamed: 0,mutant,is_wt,- delta log_ec50_M,wt_pdb,mutant_chain,sequence,substitution_matrix_score
0,D378A,False,-6.15673505358393,TCR5_T00000_A0201_IMDQVPFSV_0_model_1_model_2_ptm_ft4,A,IMAQVPFSV,-2
1,D378C,False,-5.1585307449890845,TCR5_T00000_A0201_IMDQVPFSV_0_model_1_model_2_ptm_ft4,A,IMCQVPFSV,-3
2,D378E,False,-6.517837489820552,TCR5_T00000_A0201_IMDQVPFSV_0_model_1_model_2_ptm_ft4,A,IMEQVPFSV,2
3,D378F,False,-6.343247370568946,TCR5_T00000_A0201_IMDQVPFSV_0_model_1_model_2_ptm_ft4,A,IMFQVPFSV,-3
4,D378G,False,-5.983020237531925,TCR5_T00000_A0201_IMDQVPFSV_0_model_1_model_2_ptm_ft4,A,IMGQVPFSV,-1
5,D378H,False,-5.216989358391693,TCR5_T00000_A0201_IMDQVPFSV_0_model_1_model_2_ptm_ft4,A,IMHQVPFSV,-1
6,D378I,False,-2.373866560403174,TCR5_T00000_A0201_IMDQVPFSV_0_model_1_model_2_ptm_ft4,A,IMIQVPFSV,-3
7,D378K,False,-3.6879462889064216,TCR5_T00000_A0201_IMDQVPFSV_0_model_1_model_2_ptm_ft4,A,IMKQVPFSV,-1
8,D378L,False,-4.282848918746019,TCR5_T00000_A0201_IMDQVPFSV_0_model_1_model_2_ptm_ft4,A,IMLQVPFSV,-4
9,D378M,False,-4.576388669462038,TCR5_T00000_A0201_IMDQVPFSV_0_model_1_model_2_ptm_ft4,A,IMMQVPFSV,-3
10,D378N,False,-1.2479477029005448,TCR5_T00000_A0201_IMDQVPFSV_0_model_1_model_2_ptm_ft4,A,IMNQVPFSV,1
11,D378P,False,-1.5956698881925,TCR5_T00000_A0201_IMDQVPFSV_0_model_1_model_2_ptm_ft4,A,IMPQVPFSV,-1
12,D378Q,False,-10.245217072534585,TCR5_T00000_A0201_IMDQVPFSV_0_model_1_model_2_ptm_ft4,A,IMQQVPFSV,0
13,D378R,False,-3.5662841448596136,TCR5_T00000_A0201_IMDQVPFSV_0_model_1_model_2_ptm_ft4,A,IMRQVPFSV,-2
14,D378S,False,-9.91679016164086,TCR5_T00000_A0201_IMDQVPFSV_0_model_1_model_2_ptm_ft4,A,IMSQVPFSV,0
15,D378T,False,-10.122749879487946,TCR5_T00000_A0201_IMDQVPFSV_0_model_1_model_2_ptm_ft4,A,IMTQVPFSV,-1
16,D378V,False,-6.821846402752488,TCR5_T00000_A0201_IMDQVPFSV_0_model_1_model_2_ptm_ft4,A,IMVQVPFSV,-3
17,D378W,False,0.2411353763270849,TCR5_T00000_A0201_IMDQVPFSV_0_model_1_model_2_ptm_ft4,A,IMWQVPFSV,-4
18,D378Y,False,-3.5488758659911355,TCR5_T00000_A0201_IMDQVPFSV_0_model_1_model_2_ptm_ft4,A,IMYQVPFSV,-3
19,F382A,False,-5.973087147844397,TCR5_T00000_A0201_IMDQVPFSV_0_model_1_model_2_ptm_ft4,A,IMDQVPASV,-2
20,F382C,False,-1.7377134413458677,TCR5_T00000_A0201_IMDQVPFSV_0_model_1_model_2_ptm_ft4,A,IMDQVPCSV,-2
21,F382D,False,-10.243890892916664,TCR5_T00000_A0201_IMDQVPFSV_0_model_1_model_2_ptm_ft4,A,IMDQVPDSV,-3
22,F382E,False,-10.0540118778003,TCR5_T00000_A0201_IMDQVPFSV_0_model_1_model_2_ptm_ft4,A,IMDQVPESV,-3
23,F382G,False,-6.559820684664869,TCR5_T00000_A0201_IMDQVPFSV_0_model_1_model_2_ptm_ft4,A,IMDQVPGSV,-3
24,F382H,False,-10.205555965717046,TCR5_T00000_A0201_IMDQVPFSV_0_model_1_model_2_ptm_ft4,A,IMDQVPHSV,-1
25,F382I,False,-10.213007314728454,TCR5_T00000_A0201_IMDQVPFSV_0_model_1_model_2_ptm_ft4,A,IMDQVPISV,0
26,F382K,False,-6.397470303934384,TCR5_T00000_A0201_IMDQVPFSV_0_model_1_model_2_ptm_ft4,A,IMDQVPKSV,-3
27,F382L,False,-10.21721471904105,TCR5_T00000_A0201_IMDQVPFSV_0_model_1_model_2_ptm_ft4,A,IMDQVPLSV,0
28,F382M,False,-10.136460245317371,TCR5_T00000_A0201_IMDQVPFSV_0_model_1_model_2_ptm_ft4,A,IMDQVPMSV,0
29,F382N,False,-10.21006625973664,TCR5_T00000_A0201_IMDQVPFSV_0_model_1_model_2_ptm_ft4,A,IMDQVPNSV,-3
30,F382P,False,-3.330383838702832,TCR5_T00000_A0201_IMDQVPFSV_0_model_1_model_2_ptm_ft4,A,IMDQVPPSV,-4
31,F382Q,False,-10.194533039218266,TCR5_T00000_A0201_IMDQVPFSV_0_model_1_model_2_ptm_ft4,A,IMDQVPQSV,-3
32,F382R,False,-3.093799919179766,TCR5_T00000_A0201_IMDQVPFSV_0_model_1_model_2_ptm_ft4,A,IMDQVPRSV,-3
33,F382S,False,-10.046763662166146,TCR5_T00000_A0201_IMDQVPFSV_0_model_1_model_2_ptm_ft4,A,IMDQVPSSV,-2
34,F382T,False,-10.176935068440365,TCR5_T00000_A0201_IMDQVPFSV_0_model_1_model_2_ptm_ft4,A,IMDQVPTSV,-2
35,F382V,False,-5.2571998849707295,TCR5_T00000_A0201_IMDQVPFSV_0_model_1_model_2_ptm_ft4,A,IMDQVPVSV,-1
36,F382W,False,-0.3906808314575354,TCR5_T00000_A0201_IMDQVPFSV_0_model_1_model_2_ptm_ft4,A,IMDQVPWSV,1
37,F382Y,False,-0.4332169528404517,TCR5_T00000_A0201_IMDQVPFSV_0_model_1_model_2_ptm_ft4,A,IMDQVPYSV,3
38,I376A,False,0.1805514626090438,TCR5_T00000_A0201_IMDQVPFSV_0_model_1_model_2_ptm_ft4,A,AMDQVPFSV,-1
39,I376C,False,-0.3418857808118876,TCR5_T00000_A0201_IMDQVPFSV_0_model_1_model_2_ptm_ft4,A,CMDQVPFSV,-1
40,I376D,False,-2.838292172241041,TCR5_T00000_A0201_IMDQVPFSV_0_model_1_model_2_ptm_ft4,A,DMDQVPFSV,-3
41,I376E,False,-0.8294057871420168,TCR5_T00000_A0201_IMDQVPFSV_0_model_1_model_2_ptm_ft4,A,EMDQVPFSV,-3
42,I376F,False,0.2410188319566781,TCR5_T00000_A0201_IMDQVPFSV_0_model_1_model_2_ptm_ft4,A,FMDQVPFSV,0
43,I376G,False,0.1113040595188632,TCR5_T00000_A0201_IMDQVPFSV_0_model_1_model_2_ptm_ft4,A,GMDQVPFSV,-4
44,I376H,False,0.3013227547899682,TCR5_T00000_A0201_IMDQVPFSV_0_model_1_model_2_ptm_ft4,A,HMDQVPFSV,-3
45,I376K,False,0.1529381970899859,TCR5_T00000_A0201_IMDQVPFSV_0_model_1_model_2_ptm_ft4,A,KMDQVPFSV,-3
46,I376L,False,0.3046969555441965,TCR5_T00000_A0201_IMDQVPFSV_0_model_1_model_2_ptm_ft4,A,LMDQVPFSV,2
47,I376M,False,0.3146105808399522,TCR5_T00000_A0201_IMDQVPFSV_0_model_1_model_2_ptm_ft4,A,MMDQVPFSV,1
48,I376N,False,0.281669594906818,TCR5_T00000_A0201_IMDQVPFSV_0_model_1_model_2_ptm_ft4,A,NMDQVPFSV,-3
49,I376P,False,-3.1341052931003635,TCR5_T00000_A0201_IMDQVPFSV_0_model_1_model_2_ptm_ft4,A,PMDQVPFSV,-3
50,I376Q,False,0.120944021966876,TCR5_T00000_A0201_IMDQVPFSV_0_model_1_model_2_ptm_ft4,A,QMDQVPFSV,-3
51,I376R,False,0.1465404507287235,TCR5_T00000_A0201_IMDQVPFSV_0_model_1_model_2_ptm_ft4,A,RMDQVPFSV,-3
52,I376S,False,-0.237349228519438,TCR5_T00000_A0201_IMDQVPFSV_0_model_1_model_2_ptm_ft4,A,SMDQVPFSV,-2
53,I376T,False,-0.4007503959942742,TCR5_T00000_A0201_IMDQVPFSV_0_model_1_model_2_ptm_ft4,A,TMDQVPFSV,-1
54,I376V,False,0.2635925496056064,TCR5_T00000_A0201_IMDQVPFSV_0_model_1_model_2_ptm_ft4,A,VMDQVPFSV,3
55,I376W,False,0.305623994530201,TCR5_T00000_A0201_IMDQVPFSV_0_model_1_model_2_ptm_ft4,A,WMDQVPFSV,-3
56,I376Y,False,0.3507699593454774,TCR5_T00000_A0201_IMDQVPFSV_0_model_1_model_2_ptm_ft4,A,YMDQVPFSV,-1
57,M377A,False,0.0790460375041224,TCR5_T00000_A0201_IMDQVPFSV_0_model_1_model_2_ptm_ft4,A,IADQVPFSV,-1
58,M377C,False,0.1921695534997987,TCR5_T00000_A0201_IMDQVPFSV_0_model_1_model_2_ptm_ft4,A,ICDQVPFSV,-1
59,M377D,False,-3.514042415318502,TCR5_T00000_A0201_IMDQVPFSV_0_model_1_model_2_ptm_ft4,A,IDDQVPFSV,-3
60,M377E,False,-0.5793847579511873,TCR5_T00000_A0201_IMDQVPFSV_0_model_1_model_2_ptm_ft4,A,IEDQVPFSV,-2
61,M377F,False,-2.3750152502091044,TCR5_T00000_A0201_IMDQVPFSV_0_model_1_model_2_ptm_ft4,A,IFDQVPFSV,0
62,M377G,False,0.1554695175942839,TCR5_T00000_A0201_IMDQVPFSV_0_model_1_model_2_ptm_ft4,A,IGDQVPFSV,-3
63,M377H,False,-0.1005579906634466,TCR5_T00000_A0201_IMDQVPFSV_0_model_1_model_2_ptm_ft4,A,IHDQVPFSV,-2
64,M377I,False,0.1702051555468617,TCR5_T00000_A0201_IMDQVPFSV_0_model_1_model_2_ptm_ft4,A,IIDQVPFSV,1
65,M377K,False,0.2958283424072458,TCR5_T00000_A0201_IMDQVPFSV_0_model_1_model_2_ptm_ft4,A,IKDQVPFSV,-1
66,M377L,False,0.1928045890649397,TCR5_T00000_A0201_IMDQVPFSV_0_model_1_model_2_ptm_ft4,A,ILDQVPFSV,2
67,M377N,False,0.2007258233588604,TCR5_T00000_A0201_IMDQVPFSV_0_model_1_model_2_ptm_ft4,A,INDQVPFSV,-2
68,M377P,False,0.2270349378693108,TCR5_T00000_A0201_IMDQVPFSV_0_model_1_model_2_ptm_ft4,A,IPDQVPFSV,-2
69,M377Q,False,0.3346860467704804,TCR5_T00000_A0201_IMDQVPFSV_0_model_1_model_2_ptm_ft4,A,IQDQVPFSV,0
70,M377R,False,0.0236674773534151,TCR5_T00000_A0201_IMDQVPFSV_0_model_1_model_2_ptm_ft4,A,IRDQVPFSV,-1
71,M377S,False,-0.5893904244318922,TCR5_T00000_A0201_IMDQVPFSV_0_model_1_model_2_ptm_ft4,A,ISDQVPFSV,-1
72,M377T,False,0.268597763703692,TCR5_T00000_A0201_IMDQVPFSV_0_model_1_model_2_ptm_ft4,A,ITDQVPFSV,-1
73,M377V,False,-0.4818611958264842,TCR5_T00000_A0201_IMDQVPFSV_0_model_1_model_2_ptm_ft4,A,IVDQVPFSV,1
74,M377W,False,-4.551017809462385,TCR5_T00000_A0201_IMDQVPFSV_0_model_1_model_2_ptm_ft4,A,IWDQVPFSV,-1
75,M377Y,False,-3.622306856267013,TCR5_T00000_A0201_IMDQVPFSV_0_model_1_model_2_ptm_ft4,A,IYDQVPFSV,-1
76,P381A,False,-10.243358947155222,TCR5_T00000_A0201_IMDQVPFSV_0_model_1_model_2_ptm_ft4,A,IMDQVAFSV,-1
77,P381C,False,-10.242053016899913,TCR5_T00000_A0201_IMDQVPFSV_0_model_1_model_2_ptm_ft4,A,IMDQVCFSV,-3
78,P381D,False,-10.026053294407625,TCR5_T00000_A0201_IMDQVPFSV_0_model_1_model_2_ptm_ft4,A,IMDQVDFSV,-1
79,P381E,False,-3.3306734582801694,TCR5_T00000_A0201_IMDQVPFSV_0_model_1_model_2_ptm_ft4,A,IMDQVEFSV,-1
80,P381F,False,-10.206715126374483,TCR5_T00000_A0201_IMDQVPFSV_0_model_1_model_2_ptm_ft4,A,IMDQVFFSV,-4
81,P381G,False,-10.175451608100976,TCR5_T00000_A0201_IMDQVPFSV_0_model_1_model_2_ptm_ft4,A,IMDQVGFSV,-2
82,P381H,False,-10.00520118351352,TCR5_T00000_A0201_IMDQVPFSV_0_model_1_model_2_ptm_ft4,A,IMDQVHFSV,-2
83,P381I,False,-10.246672194021876,TCR5_T00000_A0201_IMDQVPFSV_0_model_1_model_2_ptm_ft4,A,IMDQVIFSV,-3
84,P381K,False,-10.094079897741478,TCR5_T00000_A0201_IMDQVPFSV_0_model_1_model_2_ptm_ft4,A,IMDQVKFSV,-1
85,P381L,False,-10.15978685479255,TCR5_T00000_A0201_IMDQVPFSV_0_model_1_model_2_ptm_ft4,A,IMDQVLFSV,-3
86,P381M,False,-10.20218410554346,TCR5_T00000_A0201_IMDQVPFSV_0_model_1_model_2_ptm_ft4,A,IMDQVMFSV,-2
87,P381N,False,-10.170443333931477,TCR5_T00000_A0201_IMDQVPFSV_0_model_1_model_2_ptm_ft4,A,IMDQVNFSV,-1
88,P381Q,False,-3.411758827038464,TCR5_T00000_A0201_IMDQVPFSV_0_model_1_model_2_ptm_ft4,A,IMDQVQFSV,-1
89,P381R,False,-5.965234774091202,TCR5_T00000_A0201_IMDQVPFSV_0_model_1_model_2_ptm_ft4,A,IMDQVRFSV,-2
90,P381S,False,-10.192613053912035,TCR5_T00000_A0201_IMDQVPFSV_0_model_1_model_2_ptm_ft4,A,IMDQVSFSV,-1
91,P381T,False,-10.016063068025506,TCR5_T00000_A0201_IMDQVPFSV_0_model_1_model_2_ptm_ft4,A,IMDQVTFSV,-1
92,P381V,False,-10.25194257618568,TCR5_T00000_A0201_IMDQVPFSV_0_model_1_model_2_ptm_ft4,A,IMDQVVFSV,-2
93,P381W,False,-10.177807150916424,TCR5_T00000_A0201_IMDQVPFSV_0_model_1_model_2_ptm_ft4,A,IMDQVWFSV,-4
94,P381Y,False,-9.99481378010927,TCR5_T00000_A0201_IMDQVPFSV_0_model_1_model_2_ptm_ft4,A,IMDQVYFSV,-3
95,Q379A,False,0.2999376151025803,TCR5_T00000_A0201_IMDQVPFSV_0_model_1_model_2_ptm_ft4,A,IMDAVPFSV,-1
96,Q379C,False,-5.643202567617869,TCR5_T00000_A0201_IMDQVPFSV_0_model_1_model_2_ptm_ft4,A,IMDCVPFSV,-3
97,Q379D,False,-6.75329142796433,TCR5_T00000_A0201_IMDQVPFSV_0_model_1_model_2_ptm_ft4,A,IMDDVPFSV,0
98,Q379E,False,-6.980644792379797,TCR5_T00000_A0201_IMDQVPFSV_0_model_1_model_2_ptm_ft4,A,IMDEVPFSV,2
99,Q379F,False,-10.203682389152725,TCR5_T00000_A0201_IMDQVPFSV_0_model_1_model_2_ptm_ft4,A,IMDFVPFSV,-3
100,Q379G,False,-9.9374338281852,TCR5_T00000_A0201_IMDQVPFSV_0_model_1_model_2_ptm_ft4,A,IMDGVPFSV,-2
101,Q379H,False,-10.254129112691722,TCR5_T00000_A0201_IMDQVPFSV_0_model_1_model_2_ptm_ft4,A,IMDHVPFSV,0
102,Q379I,False,-10.134077855645428,TCR5_T00000_A0201_IMDQVPFSV_0_model_1_model_2_ptm_ft4,A,IMDIVPFSV,-3
103,Q379K,False,-5.15582639564035,TCR5_T00000_A0201_IMDQVPFSV_0_model_1_model_2_ptm_ft4,A,IMDKVPFSV,1
104,Q379L,False,-6.515907882800771,TCR5_T00000_A0201_IMDQVPFSV_0_model_1_model_2_ptm_ft4,A,IMDLVPFSV,-2
105,Q379M,False,0.3184456456234965,TCR5_T00000_A0201_IMDQVPFSV_0_model_1_model_2_ptm_ft4,A,IMDMVPFSV,0
106,Q379N,False,-6.909997680565783,TCR5_T00000_A0201_IMDQVPFSV_0_model_1_model_2_ptm_ft4,A,IMDNVPFSV,0
107,Q379P,False,-6.538654024820686,TCR5_T00000_A0201_IMDQVPFSV_0_model_1_model_2_ptm_ft4,A,IMDPVPFSV,-1
108,Q379R,False,-6.447461428104647,TCR5_T00000_A0201_IMDQVPFSV_0_model_1_model_2_ptm_ft4,A,IMDRVPFSV,1
109,Q379S,False,-6.550769704940885,TCR5_T00000_A0201_IMDQVPFSV_0_model_1_model_2_ptm_ft4,A,IMDSVPFSV,0
110,Q379T,False,-6.1417480679720455,TCR5_T00000_A0201_IMDQVPFSV_0_model_1_model_2_ptm_ft4,A,IMDTVPFSV,-1
111,Q379V,False,-1.405024838110899,TCR5_T00000_A0201_IMDQVPFSV_0_model_1_model_2_ptm_ft4,A,IMDVVPFSV,-2
112,Q379W,False,-6.732065743379224,TCR5_T00000_A0201_IMDQVPFSV_0_model_1_model_2_ptm_ft4,A,IMDWVPFSV,-2
113,Q379Y,False,-10.263505341509402,TCR5_T00000_A0201_IMDQVPFSV_0_model_1_model_2_ptm_ft4,A,IMDYVPFSV,-1
114,S383A,False,-0.5488874896447857,TCR5_T00000_A0201_IMDQVPFSV_0_model_1_model_2_ptm_ft4,A,IMDQVPFAV,1
115,S383C,False,-0.7973326558620428,TCR5_T00000_A0201_IMDQVPFSV_0_model_1_model_2_ptm_ft4,A,IMDQVPFCV,-1
116,S383D,False,-1.2505044954381148,TCR5_T00000_A0201_IMDQVPFSV_0_model_1_model_2_ptm_ft4,A,IMDQVPFDV,0
117,S383E,False,0.1812404522594803,TCR5_T00000_A0201_IMDQVPFSV_0_model_1_model_2_ptm_ft4,A,IMDQVPFEV,0
118,S383F,False,-1.3527786425390662,TCR5_T00000_A0201_IMDQVPFSV_0_model_1_model_2_ptm_ft4,A,IMDQVPFFV,-2
119,S383G,False,-0.7887117310048399,TCR5_T00000_A0201_IMDQVPFSV_0_model_1_model_2_ptm_ft4,A,IMDQVPFGV,0
120,S383H,False,0.0798147262787178,TCR5_T00000_A0201_IMDQVPFSV_0_model_1_model_2_ptm_ft4,A,IMDQVPFHV,-1
121,S383I,False,-0.6492425175229126,TCR5_T00000_A0201_IMDQVPFSV_0_model_1_model_2_ptm_ft4,A,IMDQVPFIV,-2
122,S383K,False,-0.9732729594372812,TCR5_T00000_A0201_IMDQVPFSV_0_model_1_model_2_ptm_ft4,A,IMDQVPFKV,0
123,S383L,False,-0.9847688238925372,TCR5_T00000_A0201_IMDQVPFSV_0_model_1_model_2_ptm_ft4,A,IMDQVPFLV,-2
124,S383M,False,-0.6142845121664333,TCR5_T00000_A0201_IMDQVPFSV_0_model_1_model_2_ptm_ft4,A,IMDQVPFMV,-1
125,S383N,False,-0.4226344859045685,TCR5_T00000_A0201_IMDQVPFSV_0_model_1_model_2_ptm_ft4,A,IMDQVPFNV,1
126,S383P,False,-0.4183706163192404,TCR5_T00000_A0201_IMDQVPFSV_0_model_1_model_2_ptm_ft4,A,IMDQVPFPV,-1
127,S383Q,False,-0.9610284523928634,TCR5_T00000_A0201_IMDQVPFSV_0_model_1_model_2_ptm_ft4,A,IMDQVPFQV,0
128,S383R,False,-10.16838848491826,TCR5_T00000_A0201_IMDQVPFSV_0_model_1_model_2_ptm_ft4,A,IMDQVPFRV,-1
129,S383T,False,-0.263815259283211,TCR5_T00000_A0201_IMDQVPFSV_0_model_1_model_2_ptm_ft4,A,IMDQVPFTV,1
130,S383V,False,-0.37436667471645,TCR5_T00000_A0201_IMDQVPFSV_0_model_1_model_2_ptm_ft4,A,IMDQVPFVV,-2
131,S383W,False,-7.016848872800997,TCR5_T00000_A0201_IMDQVPFSV_0_model_1_model_2_ptm_ft4,A,IMDQVPFWV,-3
132,S383Y,False,-6.3433584041782805,TCR5_T00000_A0201_IMDQVPFSV_0_model_1_model_2_ptm_ft4,A,IMDQVPFYV,-2
133,V380A,False,-0.9306517247156112,TCR5_T00000_A0201_IMDQVPFSV_0_model_1_model_2_ptm_ft4,A,IMDQAPFSV,0
134,V380C,False,-0.3653519204019684,TCR5_T00000_A0201_IMDQVPFSV_0_model_1_model_2_ptm_ft4,A,IMDQCPFSV,-1
135,V380D,False,-10.291127993745905,TCR5_T00000_A0201_IMDQVPFSV_0_model_1_model_2_ptm_ft4,A,IMDQDPFSV,-3
136,V380E,False,-6.027543424862946,TCR5_T00000_A0201_IMDQVPFSV_0_model_1_model_2_ptm_ft4,A,IMDQEPFSV,-2
137,V380F,False,-6.099712176723527,TCR5_T00000_A0201_IMDQVPFSV_0_model_1_model_2_ptm_ft4,A,IMDQFPFSV,-1
138,V380G,False,-10.218957194638392,TCR5_T00000_A0201_IMDQVPFSV_0_model_1_model_2_ptm_ft4,A,IMDQGPFSV,-3
139,V380H,False,-5.879062644492454,TCR5_T00000_A0201_IMDQVPFSV_0_model_1_model_2_ptm_ft4,A,IMDQHPFSV,-3
140,V380I,False,-0.0832628715266103,TCR5_T00000_A0201_IMDQVPFSV_0_model_1_model_2_ptm_ft4,A,IMDQIPFSV,3
141,V380K,False,-10.066079895618897,TCR5_T00000_A0201_IMDQVPFSV_0_model_1_model_2_ptm_ft4,A,IMDQKPFSV,-2
142,V380L,False,-10.208412897050325,TCR5_T00000_A0201_IMDQVPFSV_0_model_1_model_2_ptm_ft4,A,IMDQLPFSV,1
143,V380M,False,-10.14582214292388,TCR5_T00000_A0201_IMDQVPFSV_0_model_1_model_2_ptm_ft4,A,IMDQMPFSV,1
144,V380N,False,-9.948006802676366,TCR5_T00000_A0201_IMDQVPFSV_0_model_1_model_2_ptm_ft4,A,IMDQNPFSV,-3
145,V380P,False,-10.083405717577572,TCR5_T00000_A0201_IMDQVPFSV_0_model_1_model_2_ptm_ft4,A,IMDQPPFSV,-2
146,V380Q,False,-10.24323165054678,TCR5_T00000_A0201_IMDQVPFSV_0_model_1_model_2_ptm_ft4,A,IMDQQPFSV,-2
147,V380R,False,-10.1002069062583,TCR5_T00000_A0201_IMDQVPFSV_0_model_1_model_2_ptm_ft4,A,IMDQRPFSV,-3
148,V380S,False,-6.519071327935771,TCR5_T00000_A0201_IMDQVPFSV_0_model_1_model_2_ptm_ft4,A,IMDQSPFSV,-2
149,V380T,False,-0.2300188201790778,TCR5_T00000_A0201_IMDQVPFSV_0_model_1_model_2_ptm_ft4,A,IMDQTPFSV,0
150,V380W,False,-10.31692709989839,TCR5_T00000_A0201_IMDQVPFSV_0_model_1_model_2_ptm_ft4,A,IMDQWPFSV,-3
151,V380Y,False,-10.131561469183346,TCR5_T00000_A0201_IMDQVPFSV_0_model_1_model_2_ptm_ft4,A,IMDQYPFSV,-1
152,V384A,False,-0.2607615826591196,TCR5_T00000_A0201_IMDQVPFSV_0_model_1_model_2_ptm_ft4,A,IMDQVPFSA,0
153,V384C,False,-0.4638874895149421,TCR5_T00000_A0201_IMDQVPFSV_0_model_1_model_2_ptm_ft4,A,IMDQVPFSC,-1
154,V384D,False,-5.066088986124097,TCR5_T00000_A0201_IMDQVPFSV_0_model_1_model_2_ptm_ft4,A,IMDQVPFSD,-3
155,V384E,False,-2.385842219967251,TCR5_T00000_A0201_IMDQVPFSV_0_model_1_model_2_ptm_ft4,A,IMDQVPFSE,-2
156,V384F,False,-3.166572567781129,TCR5_T00000_A0201_IMDQVPFSV_0_model_1_model_2_ptm_ft4,A,IMDQVPFSF,-1
157,V384G,False,-2.45852607055426,TCR5_T00000_A0201_IMDQVPFSV_0_model_1_model_2_ptm_ft4,A,IMDQVPFSG,-3
158,V384H,False,-1.402396317691652,TCR5_T00000_A0201_IMDQVPFSV_0_model_1_model_2_ptm_ft4,A,IMDQVPFSH,-3
159,V384I,False,-0.6846783668684981,TCR5_T00000_A0201_IMDQVPFSV_0_model_1_model_2_ptm_ft4,A,IMDQVPFSI,3
160,V384K,False,-3.752728097491187,TCR5_T00000_A0201_IMDQVPFSV_0_model_1_model_2_ptm_ft4,A,IMDQVPFSK,-2
161,V384L,False,-0.5901812918880616,TCR5_T00000_A0201_IMDQVPFSV_0_model_1_model_2_ptm_ft4,A,IMDQVPFSL,1
162,V384M,False,-0.810808209695379,TCR5_T00000_A0201_IMDQVPFSV_0_model_1_model_2_ptm_ft4,A,IMDQVPFSM,1
163,V384N,False,-2.250830473817347,TCR5_T00000_A0201_IMDQVPFSV_0_model_1_model_2_ptm_ft4,A,IMDQVPFSN,-3
164,V384P,False,-3.5788078392375384,TCR5_T00000_A0201_IMDQVPFSV_0_model_1_model_2_ptm_ft4,A,IMDQVPFSP,-2
165,V384Q,False,-3.450093074836122,TCR5_T00000_A0201_IMDQVPFSV_0_model_1_model_2_ptm_ft4,A,IMDQVPFSQ,-2
166,V384R,False,-5.711884957620913,TCR5_T00000_A0201_IMDQVPFSV_0_model_1_model_2_ptm_ft4,A,IMDQVPFSR,-3
167,V384S,False,-1.7254330908494089,TCR5_T00000_A0201_IMDQVPFSV_0_model_1_model_2_ptm_ft4,A,IMDQVPFSS,-2
168,V384T,False,-0.3407592859738404,TCR5_T00000_A0201_IMDQVPFSV_0_model_1_model_2_ptm_ft4,A,IMDQVPFST,0
169,V384W,False,-6.374203613291984,TCR5_T00000_A0201_IMDQVPFSV_0_model_1_model_2_ptm_ft4,A,IMDQVPFSW,-3
170,V384Y,False,-6.179214971296876,TCR5_T00000_A0201_IMDQVPFSV_0_model_1_model_2_ptm_ft4,A,IMDQVPFSY,-1
171,I376I,True,-0.0,TCR5_T00000_A0201_IMDQVPFSV_0_model_1_model_2_ptm_ft4,A,IMDQVPFSV,4
