mutant,is_wt,IFN_gamma (pg/ml),wt_pdb,mt_pdb,mutant_chain,MFI,sequence,wt_seq,substitution_matrix_score
H1A,False,11274.8,6w51-filtered,,F,1862387.0,AMTEVVRHC,HMTEVVRHC,-7.80927252686884
H1I,False,10353.6,6w51-filtered,,F,1646427.0,IMTEVVRHC,HMTEVVRHC,-8.790891788166004
H1L,False,10299.4,6w51-filtered,,F,1618123.0,LMTEVVRHC,HMTEVVRHC,-8.178080668130237
H1M,False,10435.3,6w51-filtered,,F,1761837.0,MMTEVVRHC,HMTEVVRHC,-6.557207973559407
H1F,False,9548.1,6w51-filtered,,F,1773662.0,FMTEVVRHC,HMTEVVRHC,-5.937026904981663
H1V,False,9997.38,6w51-filtered,,F,1749600.5,VMTEVVRHC,HMTEVVRHC,-8.503081322149713
H1P,False,2983.2,6w51-filtered,,F,1433965.5,PMTEVVRHC,HMTEVVRHC,-8.625330025655463
H1G,False,9091.2,6w51-filtered,,F,1521694.0,GMTEVVRHC,HMTEVVRHC,-9.471983845230948
H1W,False,9632.4,6w51-filtered,,F,1684389.5,WMTEVVRHC,HMTEVVRHC,-5.900535571611977
H1R,False,10046.4,6w51-filtered,,F,1695378.5,RMTEVVRHC,HMTEVVRHC,-2.110556470225403
H1H,True,10596.0,6w51-filtered,,F,1666759.0,HMTEVVRHC,HMTEVVRHC,0.0
H1K,False,9520.1,6w51-filtered,,F,1480225.0,KMTEVVRHC,HMTEVVRHC,-2.803559283159802
H1D,False,2701.4,6w51-filtered,,F,1331117.5,DMTEVVRHC,HMTEVVRHC,-6.160365957017682
H1E,False,3769.8,6w51-filtered,,F,1544031.0,EMTEVVRHC,HMTEVVRHC,-3.9544410215949877
H1N,False,8951.1,6w51-filtered,,F,1665008.0,NMTEVVRHC,HMTEVVRHC,-4.963283345859569
H1Q,False,10106.1,6w51-filtered,,F,1683252.5,QMTEVVRHC,HMTEVVRHC,-2.7526237472532045
H1S,False,9967.6,6w51-filtered,,F,1681587.5,SMTEVVRHC,HMTEVVRHC,-5.8134337062799055
H1T,False,9586.7,6w51-filtered,,F,1676779.5,TMTEVVRHC,HMTEVVRHC,-6.141639435657454
H1Y,False,10566.02,6w51-filtered,,F,1710437.5,YMTEVVRHC,HMTEVVRHC,-4.553137354727778
H1C,False,10677.0,6w51-filtered,,F,1486729.5,CMTEVVRHC,HMTEVVRHC,-10.433394720342184
M2A,False,2096.5,6w51-filtered,,F,1304208.0,HATEVVRHC,HMTEVVRHC,-4.709451886491528
M2I,False,4220.0,6w51-filtered,,F,1628329.0,HITEVVRHC,HMTEVVRHC,-2.234460175971931
M2L,False,9686.2,6w51-filtered,,F,1658871.0,HLTEVVRHC,HMTEVVRHC,-1.706026531134751
M2M,True,10596.0,6w51-filtered,,F,1666759.0,HMTEVVRHC,HMTEVVRHC,0.0
M2F,False,1345.7,6w51-filtered,,F,1253565.5,HFTEVVRHC,HMTEVVRHC,-3.910000926335655
M2V,False,2628.38,6w51-filtered,,F,1452494.0,HVTEVVRHC,HMTEVVRHC,-2.0431917263232804
M2P,False,1053.0,6w51-filtered,,F,1241385.0,HPTEVVRHC,HMTEVVRHC,-9.31144553586053
M2G,False,858.0,6w51-filtered,,F,1264208.0,HGTEVVRHC,HMTEVVRHC,-8.605231281152383
M2W,False,651.9,6w51-filtered,,F,1241080.0,HWTEVVRHC,HMTEVVRHC,-5.615483656942405
M2R,False,1667.5,6w51-filtered,,F,1292675.0,HRTEVVRHC,HMTEVVRHC,-7.449045677262714
M2H,False,1574.7,6w51-filtered,,F,1269042.5,HHTEVVRHC,HMTEVVRHC,-6.557207973559407
M2K,False,1667.9,6w51-filtered,,F,1363973.0,HKTEVVRHC,HMTEVVRHC,-7.318426697404776
M2D,False,1225.1,6w51-filtered,,F,1198899.0,HDTEVVRHC,HMTEVVRHC,-9.331429674784955
M2E,False,1106.0,6w51-filtered,,F,1281076.0,HETEVVRHC,HMTEVVRHC,-7.9627558953165725
M2N,False,3540.4,6w51-filtered,,F,1313672.0,HNTEVVRHC,HMTEVVRHC,-7.781694348961095
M2Q,False,4106.9,6w51-filtered,,F,1588820.0,HQTEVVRHC,HMTEVVRHC,-6.505803737707016
M2S,False,1757.2,6w51-filtered,,F,1281944.5,HSTEVVRHC,HMTEVVRHC,-5.604048881547064
M2T,False,2821.7,6w51-filtered,,F,1357793.0,HTTEVVRHC,HMTEVVRHC,-3.8022989701449266
M2Y,False,582.25,6w51-filtered,,F,1296382.5,HYTEVVRHC,HMTEVVRHC,-4.350926772824042
M2C,False,3007.4,6w51-filtered,,F,1271300.0,HCTEVVRHC,HMTEVVRHC,-4.804920734998789
T3A,False,1409.5,6w51-filtered,,F,1685454.0,HMAEVVRHC,HMTEVVRHC,-1.6914472360189268
T3I,False,570.6,6w51-filtered,,F,1666560.0,HMIEVVRHC,HMTEVVRHC,-5.069101322156581
T3L,False,427.8,6w51-filtered,,F,1727415.0,HMLEVVRHC,HMTEVVRHC,-5.131243872079878
T3M,False,370.2,6w51-filtered,,F,1713323.0,HMMEVVRHC,HMTEVVRHC,-3.8022989701449266
T3F,False,374.6,6w51-filtered,,F,1660320.5,HMFEVVRHC,HMTEVVRHC,-6.989589334998694
T3V,False,375.66,6w51-filtered,,F,1615177.5,HMVEVVRHC,HMTEVVRHC,-4.410060771483332
T3P,False,366.7,6w51-filtered,,F,1701859.0,HMPEVVRHC,HMTEVVRHC,-5.521921344947621
T3G,False,568.1,6w51-filtered,,F,1481326.0,HMGEVVRHC,HMTEVVRHC,-4.891647465499837
T3W,False,491.3,6w51-filtered,,F,1777244.0,HMWEVVRHC,HMTEVVRHC,-8.360787981361641
T3R,False,539.3,6w51-filtered,,F,1357700.5,HMREVVRHC,HMTEVVRHC,-5.853391669257117
T3H,False,473.1,6w51-filtered,,F,1620130.0,HMHEVVRHC,HMTEVVRHC,-6.141639435657454
T3K,False,422.6,6w51-filtered,,F,1394598.0,HMKEVVRHC,HMTEVVRHC,-5.304308039139411
T3D,False,509.4,6w51-filtered,,F,1712872.0,HMDEVVRHC,HMTEVVRHC,-6.123211387738817
T3E,False,1139.2,6w51-filtered,,F,1472196.5,HMEEVVRHC,HMTEVVRHC,-5.434504869409326
T3N,False,507.6,6w51-filtered,,F,1614245.5,HMNEVVRHC,HMTEVVRHC,-4.737598873449183
T3Q,False,484.0,6w51-filtered,,F,1546613.5,HMQEVVRHC,HMTEVVRHC,-4.497357176081819
T3S,False,4968.1,6w51-filtered,,F,1573999.0,HMSEVVRHC,HMTEVVRHC,-1.9807227383836576
T3T,True,10596.0,6w51-filtered,,F,1666759.0,HMTEVVRHC,HMTEVVRHC,0.0
T3Y,False,395.12,6w51-filtered,,F,1658684.0,HMYEVVRHC,HMTEVVRHC,-6.705061937224871
T3C,False,668.5,6w51-filtered,,F,1534112.0,HMCEVVRHC,HMTEVVRHC,-4.766362069061748
E4A,False,477.7,6w51-filtered,,F,1504253.0,HMTAVVRHC,HMTEVVRHC,-6.645123081893246
E4I,False,415.7,6w51-filtered,,F,1195168.5,HMTIVVRHC,HMTEVVRHC,-9.93862275896961
E4L,False,370.2,6w51-filtered,,F,1446267.5,HMTLVVRHC,HMTEVVRHC,-9.650451830548775
E4M,False,360.9,6w51-filtered,,F,1747993.0,HMTMVVRHC,HMTEVVRHC,-7.9627558953165725
E4F,False,399.8,6w51-filtered,,F,1528211.5,HMTFVVRHC,HMTEVVRHC,-9.049248081592172
E4V,False,608.05,6w51-filtered,,F,1217223.0,HMTVVVRHC,HMTEVVRHC,-9.408630590313022
E4P,False,485.4,6w51-filtered,,F,1648325.0,HMTPVVRHC,HMTEVVRHC,-5.133917401663634
E4G,False,343.8,6w51-filtered,,F,1609909.0,HMTGVVRHC,HMTEVVRHC,-6.546658177551038
E4W,False,650.6,6w51-filtered,,F,1425690.0,HMTWVVRHC,HMTEVVRHC,-9.500721197130058
E4R,False,493.9,6w51-filtered,,F,1417701.0,HMTRVVRHC,HMTEVVRHC,-1.9341446277992693
E4H,False,2030.0,6w51-filtered,,F,1585814.0,HMTHVVRHC,HMTEVVRHC,-3.9544410215949877
E4K,False,403.7,6w51-filtered,,F,1599106.5,HMTKVVRHC,HMTEVVRHC,-1.1525392080966916
E4D,False,7516.6,6w51-filtered,,F,1727293.0,HMTDVVRHC,HMTEVVRHC,-2.2073726972863037
E4E,True,10596.0,6w51-filtered,,F,1666759.0,HMTEVVRHC,HMTEVVRHC,0.0
E4N,False,2022.9,6w51-filtered,,F,1692206.0,HMTNVVRHC,HMTEVVRHC,-1.344803035889008
E4Q,False,1476.6,6w51-filtered,,F,1560456.5,HMTQVVRHC,HMTEVVRHC,-1.6024308032067456
E4S,False,1024.2,6w51-filtered,,F,1571501.0,HMTSVVRHC,HMTEVVRHC,-3.8943536035377697
E4T,False,504.4,6w51-filtered,,F,1635437.0,HMTTVVRHC,HMTEVVRHC,-5.434504869409326
E4Y,False,642.25,6w51-filtered,,F,1697586.0,HMTYVVRHC,HMTEVVRHC,-7.909628018608502
E4C,False,668.6,6w51-filtered,,F,1422964.0,HMTCVVRHC,HMTEVVRHC,-10.19062536720303
V5A,False,638.4,6w51-filtered,,F,1626734.5,HMTEAVRHC,HMTEVVRHC,-4.573483349970818
V5I,False,2694.3,6w51-filtered,,F,1709340.0,HMTEIVRHC,HMTEVVRHC,-0.7149005891484997
V5L,False,647.4,6w51-filtered,,F,1636075.5,HMTELVRHC,HMTEVVRHC,-1.3409264240426382
V5M,False,1003.4,6w51-filtered,,F,1642482.0,HMTEMVRHC,HMTEVVRHC,-2.0431917263232804
V5F,False,433.6,6w51-filtered,,F,1708353.0,HMTEFVRHC,HMTEVVRHC,-5.581006381543492
V5V,True,10596.0,6w51-filtered,,F,1666759.0,HMTEVVRHC,HMTEVVRHC,0.0
V5P,False,452.9,6w51-filtered,,F,1532089.0,HMTEPVRHC,HMTEVVRHC,-9.760599201522258
V5G,False,292.6,6w51-filtered,,F,1599600.0,HMTEGVRHC,HMTEVVRHC,-8.624023017473489
V5W,False,463.5,6w51-filtered,,F,1794920.0,HMTEWVRHC,HMTEVVRHC,-7.349765799987526
V5R,False,432.5,6w51-filtered,,F,1594146.5,HMTERVRHC,HMTEVVRHC,-9.180357465640842
V5H,False,469.3,6w51-filtered,,F,1623795.5,HMTEHVRHC,HMTEVVRHC,-8.503081322149713
V5K,False,471.2,6w51-filtered,,F,1562037.0,HMTEKVRHC,HMTEVVRHC,-8.926949401129649
V5D,False,737.2,6w51-filtered,,F,1607780.0,HMTEDVRHC,HMTEVVRHC,-10.462457242314292
V5E,False,497.4,6w51-filtered,,F,1525211.5,HMTEEVRHC,HMTEVVRHC,-9.408630590313022
V5N,False,410.3,6w51-filtered,,F,1499470.0,HMTENVRHC,HMTEVVRHC,-8.988713876632943
V5Q,False,659.6,6w51-filtered,,F,1628092.5,HMTEQVRHC,HMTEVVRHC,-8.088323257269053
V5S,False,440.0,6w51-filtered,,F,1621251.0,HMTESVRHC,HMTEVVRHC,-6.3893843494236595
V5T,False,678.3,6w51-filtered,,F,1580901.0,HMTETVRHC,HMTEVVRHC,-4.410060771483332
V5Y,False,514.23,6w51-filtered,,F,1520581.0,HMTEYVRHC,HMTEVVRHC,-6.2779448590733224
V5C,False,1194.3,6w51-filtered,,F,1411811.0,HMTECVRHC,HMTEVVRHC,-3.124048817228584
V6A,False,1945.1,6w51-filtered,,F,1424002.0,HMTEVARHC,HMTEVVRHC,-4.573483349970818
V6I,False,7721.5,6w51-filtered,,F,1650566.0,HMTEVIRHC,HMTEVVRHC,-0.7149005891484997
V6L,False,1749.5,6w51-filtered,,F,1676915.0,HMTEVLRHC,HMTEVVRHC,-1.3409264240426382
V6M,False,2419.8,6w51-filtered,,F,1693337.5,HMTEVMRHC,HMTEVVRHC,-2.0431917263232804
V6F,False,2082.2,6w51-filtered,,F,1682795.0,HMTEVFRHC,HMTEVVRHC,-5.581006381543492
V6V,True,10596.0,6w51-filtered,,F,1666759.0,HMTEVVRHC,HMTEVVRHC,0.0
V6P,False,503.0,6w51-filtered,,F,1419056.0,HMTEVPRHC,HMTEVVRHC,-9.760599201522258
V6G,False,394.5,6w51-filtered,,F,1579890.0,HMTEVGRHC,HMTEVVRHC,-8.624023017473489
V6W,False,382.1,6w51-filtered,,F,1660202.0,HMTEVWRHC,HMTEVVRHC,-7.349765799987526
V6R,False,1727.1,6w51-filtered,,F,1308579.0,HMTEVRRHC,HMTEVVRHC,-9.180357465640842
V6H,False,1371.7,6w51-filtered,,F,1568083.5,HMTEVHRHC,HMTEVVRHC,-8.503081322149713
V6K,False,502.9,6w51-filtered,,F,1357166.0,HMTEVKRHC,HMTEVVRHC,-8.926949401129649
V6D,False,871.3,6w51-filtered,,F,1472987.0,HMTEVDRHC,HMTEVVRHC,-10.462457242314292
V6E,False,388.5,6w51-filtered,,F,1531170.0,HMTEVERHC,HMTEVVRHC,-9.408630590313022
V6N,False,384.7,6w51-filtered,,F,1641245.0,HMTEVNRHC,HMTEVVRHC,-8.988713876632943
V6Q,False,399.0,6w51-filtered,,F,1545786.0,HMTEVQRHC,HMTEVVRHC,-8.088323257269053
V6S,False,2906.7,6w51-filtered,,F,1700170.0,HMTEVSRHC,HMTEVVRHC,-6.3893843494236595
V6T,False,4549.3,6w51-filtered,,F,1628823.0,HMTEVTRHC,HMTEVVRHC,-4.410060771483332
V6Y,False,1477.14,6w51-filtered,,F,1573122.0,HMTEVYRHC,HMTEVVRHC,-6.2779448590733224
V6C,False,1024.7,6w51-filtered,,F,1288976.5,HMTEVCRHC,HMTEVVRHC,-3.124048817228584
R7A,False,574.0,6w51-filtered,,F,1682703.5,HMTEVVAHC,HMTEVVRHC,-7.355645531294955
R7I,False,595.7,6w51-filtered,,F,1795377.0,HMTEVVIHC,HMTEVVRHC,-9.60380258068956
R7L,False,480.1,6w51-filtered,,F,1788249.0,HMTEVVLHC,HMTEVVRHC,-9.15051125338444
R7M,False,530.9,6w51-filtered,,F,1739366.0,HMTEVVMHC,HMTEVVRHC,-7.449045677262714
R7F,False,320.9,6w51-filtered,,F,1806898.0,HMTEVVFHC,HMTEVVRHC,-7.726353684727768
R7V,False,372.5,6w51-filtered,,F,1593880.0,HMTEVVVHC,HMTEVVRHC,-9.180357465640842
R7P,False,514.2,6w51-filtered,,F,1763353.5,HMTEVVPHC,HMTEVVRHC,-6.941611570958817
R7G,False,656.7,6w51-filtered,,F,1730716.0,HMTEVVGHC,HMTEVVRHC,-8.11982440582287
R7W,False,395.9,6w51-filtered,,F,1780291.0,HMTEVVWHC,HMTEVVRHC,-7.918173418697156
R7R,True,10596.0,6w51-filtered,,F,1666759.0,HMTEVVRHC,HMTEVVRHC,0.0
R7H,False,397.1,6w51-filtered,,F,1765683.0,HMTEVVHHC,HMTEVVRHC,-2.110556470225403
R7K,False,744.9,6w51-filtered,,F,1629662.0,HMTEVVKHC,HMTEVVRHC,-0.8764534846716978
R7D,False,259.3,6w51-filtered,,F,1745525.0,HMTEVVDHC,HMTEVVRHC,-4.125556147119299
R7E,False,907.4,6w51-filtered,,F,1635101.0,HMTEVVEHC,HMTEVVRHC,-1.9341446277992693
R7N,False,413.2,6w51-filtered,,F,1669425.0,HMTEVVNHC,HMTEVVRHC,-3.133822704432521
R7Q,False,731.8,6w51-filtered,,F,1787974.0,HMTEVVQHC,HMTEVVRHC,-1.4063655296564266
R7S,False,407.5,6w51-filtered,,F,1672008.0,HMTEVVSHC,HMTEVVRHC,-4.860552637259271
R7T,False,383.0,6w51-filtered,,F,1727805.5,HMTEVVTHC,HMTEVVRHC,-5.853391669257117
R7Y,False,407.26,6w51-filtered,,F,1701937.0,HMTEVVYHC,HMTEVVRHC,-6.444541795134483
R7C,False,1245.4,6w51-filtered,,F,1506523.0,HMTEVVCHC,HMTEVVRHC,-10.540008923700857
H8A,False,444.9,6w51-filtered,,F,1735462.0,HMTEVVRAC,HMTEVVRHC,-7.80927252686884
H8I,False,404.4,6w51-filtered,,F,1454428.5,HMTEVVRIC,HMTEVVRHC,-8.790891788166004
H8L,False,473.8,6w51-filtered,,F,1498920.0,HMTEVVRLC,HMTEVVRHC,-8.178080668130237
H8M,False,1519.2,6w51-filtered,,F,1717211.0,HMTEVVRMC,HMTEVVRHC,-6.557207973559407
H8F,False,310.8,6w51-filtered,,F,1734586.0,HMTEVVRFC,HMTEVVRHC,-5.937026904981663
H8V,False,357.35,6w51-filtered,,F,1700682.0,HMTEVVRVC,HMTEVVRHC,-8.503081322149713
H8P,False,355.5,6w51-filtered,,F,1779860.5,HMTEVVRPC,HMTEVVRHC,-8.625330025655463
H8G,False,356.5,6w51-filtered,,F,1796893.5,HMTEVVRGC,HMTEVVRHC,-9.471983845230948
H8W,False,310.8,6w51-filtered,,F,1722380.5,HMTEVVRWC,HMTEVVRHC,-5.900535571611977
H8R,False,338.6,6w51-filtered,,F,1628702.0,HMTEVVRRC,HMTEVVRHC,-2.110556470225403
H8H,True,10596.0,6w51-filtered,,F,1666759.0,HMTEVVRHC,HMTEVVRHC,0.0
H8K,False,1115.6,6w51-filtered,,F,1684570.0,HMTEVVRKC,HMTEVVRHC,-2.803559283159802
H8D,False,318.2,6w51-filtered,,F,1729819.0,HMTEVVRDC,HMTEVVRHC,-6.160365957017682
H8E,False,314.1,6w51-filtered,,F,1647037.0,HMTEVVREC,HMTEVVRHC,-3.9544410215949877
H8N,False,400.2,6w51-filtered,,F,1742289.5,HMTEVVRNC,HMTEVVRHC,-4.963283345859569
H8Q,False,337.2,6w51-filtered,,F,1639002.5,HMTEVVRQC,HMTEVVRHC,-2.7526237472532045
H8S,False,323.5,6w51-filtered,,F,1678789.0,HMTEVVRSC,HMTEVVRHC,-5.8134337062799055
H8T,False,908.2,6w51-filtered,,F,1727469.0,HMTEVVRTC,HMTEVVRHC,-6.141639435657454
H8Y,False,482.57,6w51-filtered,,F,1697305.5,HMTEVVRYC,HMTEVVRHC,-4.553137354727778
H8C,False,333.7,6w51-filtered,,F,1647299.0,HMTEVVRCC,HMTEVVRHC,-10.433394720342184
C9A,False,6835.5,6w51-filtered,,F,1726495.0,HMTEVVRHA,HMTEVVRHC,-3.7673066605568826
C9I,False,8325.3,6w51-filtered,,F,1794306.0,HMTEVVRHI,HMTEVVRHC,-3.609796735529243
C9L,False,3103.2,6w51-filtered,,F,1800492.0,HMTEVVRHL,HMTEVVRHC,-4.445004171745916
C9M,False,2061.5,6w51-filtered,,F,1704173.0,HMTEVVRHM,HMTEVVRHC,-4.804920734998789
C9F,False,1207.8,6w51-filtered,,F,1740132.0,HMTEVVRHF,HMTEVVRHC,-8.630471802181635
C9V,False,10201.18,6w51-filtered,,F,1791447.0,HMTEVVRHV,HMTEVVRHC,-3.124048817228584
C9P,False,1225.9,6w51-filtered,,F,1344987.0,HMTEVVRHP,HMTEVVRHC,-8.871919951434778
C9G,False,2354.5,6w51-filtered,,F,1685557.0,HMTEVVRHG,HMTEVVRHC,-7.19790603239027
C9W,False,1555.4,6w51-filtered,,F,1493992.0,HMTEVVRHW,HMTEVVRHC,-10.380098238149005
C9R,False,2032.0,6w51-filtered,,F,1330179.0,HMTEVVRHR,HMTEVVRHC,-10.540008923700857
C9H,False,4021.0,6w51-filtered,,F,1407895.0,HMTEVVRHH,HMTEVVRHC,-10.433394720342184
C9K,False,1492.5,6w51-filtered,,F,1605012.0,HMTEVVRHK,HMTEVVRHC,-10.05141434612365
C9D,False,1473.3,6w51-filtered,,F,1359416.0,HMTEVVRHD,HMTEVVRHC,-10.612906903098432
C9E,False,1408.7,6w51-filtered,,F,1437652.0,HMTEVVRHE,HMTEVVRHC,-10.19062536720303
C9N,False,1409.0,6w51-filtered,,F,1459507.0,HMTEVVRHN,HMTEVVRHC,-9.384847912477928
C9Q,False,1318.9,6w51-filtered,,F,1577636.5,HMTEVVRHQ,HMTEVVRHC,-9.22876755094634
C9S,False,2275.0,6w51-filtered,,F,1707412.0,HMTEVVRHS,HMTEVVRHC,-6.459557371202782
C9T,False,4926.1,6w51-filtered,,F,1739096.5,HMTEVVRHT,HMTEVVRHC,-4.766362069061748
C9Y,False,4296.34,6w51-filtered,,F,1392335.5,HMTEVVRHY,HMTEVVRHC,-9.151656483431939
C9C,True,10596.0,6w51-filtered,,F,1666759.0,HMTEVVRHC,HMTEVVRHC,0.0
