mutant,is_wt,-log10(EC50),wt_pdb,mt_pdb,mutant_chain,wt_seq,sequence,is_reliable
N1D,False,-1.2770118721803265,af3_tcr3,,B,NLVPMVATV,DLVPMVATV,True
N1I,False,3.872944009790221,af3_tcr3,,B,NLVPMVATV,ILVPMVATV,True
N1P,False,0.6021835733969386,af3_tcr3,,B,NLVPMVATV,PLVPMVATV,True
N1Q,False,5.156102633902244,af3_tcr3,,B,NLVPMVATV,QLVPMVATV,True
N1T,False,2.261593548942639,af3_tcr3,,B,NLVPMVATV,TLVPMVATV,True
N1V,False,6.4687903050744815,af3_tcr3,,B,NLVPMVATV,VLVPMVATV,True
N1N,True,7.0094237253296905,af3_tcr3,,B,NLVPMVATV,NLVPMVATV,True
N1A,False,-9.210340371976184,af3_tcr3,,B,NLVPMVATV,ALVPMVATV,False
N1C,False,-9.210340371976184,af3_tcr3,,B,NLVPMVATV,CLVPMVATV,False
N1E,False,-9.210340371976184,af3_tcr3,,B,NLVPMVATV,ELVPMVATV,False
N1F,False,-9.210340371976184,af3_tcr3,,B,NLVPMVATV,FLVPMVATV,False
N1G,False,-9.210340371976184,af3_tcr3,,B,NLVPMVATV,GLVPMVATV,False
N1H,False,-9.210340371976184,af3_tcr3,,B,NLVPMVATV,HLVPMVATV,False
N1K,False,-9.210340371976184,af3_tcr3,,B,NLVPMVATV,KLVPMVATV,False
N1L,False,-9.210340371976184,af3_tcr3,,B,NLVPMVATV,LLVPMVATV,False
N1M,False,-9.210340371976184,af3_tcr3,,B,NLVPMVATV,MLVPMVATV,False
N1R,False,-9.210340371976184,af3_tcr3,,B,NLVPMVATV,RLVPMVATV,False
N1S,False,-9.210340371976184,af3_tcr3,,B,NLVPMVATV,SLVPMVATV,False
N1W,False,-9.210340371976184,af3_tcr3,,B,NLVPMVATV,WLVPMVATV,False
N1Y,False,-9.210340371976184,af3_tcr3,,B,NLVPMVATV,YLVPMVATV,False
L2A,False,-1.0949588261895122,af3_tcr3,,B,NLVPMVATV,NAVPMVATV,True
L2C,False,0.8969963898740743,af3_tcr3,,B,NLVPMVATV,NCVPMVATV,True
L2D,False,-2.5934561165125176,af3_tcr3,,B,NLVPMVATV,NDVPMVATV,True
L2E,False,-1.3748774814302946,af3_tcr3,,B,NLVPMVATV,NEVPMVATV,True
L2F,False,-1.7143330593290933,af3_tcr3,,B,NLVPMVATV,NFVPMVATV,True
L2G,False,-2.0790452137113804,af3_tcr3,,B,NLVPMVATV,NGVPMVATV,True
L2H,False,-3.5349316014463046,af3_tcr3,,B,NLVPMVATV,NHVPMVATV,True
L2I,False,6.246593608717307,af3_tcr3,,B,NLVPMVATV,NIVPMVATV,True
L2K,False,-1.755659997053435,af3_tcr3,,B,NLVPMVATV,NKVPMVATV,True
L2M,False,6.848380962219962,af3_tcr3,,B,NLVPMVATV,NMVPMVATV,True
L2N,False,-2.72908309125793,af3_tcr3,,B,NLVPMVATV,NNVPMVATV,True
L2P,False,-1.6728576231483139,af3_tcr3,,B,NLVPMVATV,NPVPMVATV,True
L2Q,False,4.88232673177772,af3_tcr3,,B,NLVPMVATV,NQVPMVATV,True
L2R,False,-4.279676956230655,af3_tcr3,,B,NLVPMVATV,NRVPMVATV,True
L2S,False,-1.348226864139197,af3_tcr3,,B,NLVPMVATV,NSVPMVATV,True
L2T,False,1.1674347652869388,af3_tcr3,,B,NLVPMVATV,NTVPMVATV,True
L2V,False,5.732797063791056,af3_tcr3,,B,NLVPMVATV,NVVPMVATV,True
L2W,False,-2.765598081965808,af3_tcr3,,B,NLVPMVATV,NWVPMVATV,True
L2Y,False,-3.606419250487649,af3_tcr3,,B,NLVPMVATV,NYVPMVATV,True
L2L,True,7.0094237253296905,af3_tcr3,,B,NLVPMVATV,NLVPMVATV,True
V3A,False,0.46285944148818,af3_tcr3,,B,NLVPMVATV,NLAPMVATV,True
V3C,False,6.204470697098167,af3_tcr3,,B,NLVPMVATV,NLCPMVATV,True
V3E,False,-0.49209366358923634,af3_tcr3,,B,NLVPMVATV,NLEPMVATV,True
V3I,False,7.018775474116044,af3_tcr3,,B,NLVPMVATV,NLIPMVATV,True
V3K,False,0.952266931635358,af3_tcr3,,B,NLVPMVATV,NLKPMVATV,True
V3L,False,7.137359947244379,af3_tcr3,,B,NLVPMVATV,NLLPMVATV,True
V3M,False,6.999291439018493,af3_tcr3,,B,NLVPMVATV,NLMPMVATV,True
V3P,False,1.6153271191142664,af3_tcr3,,B,NLVPMVATV,NLPPMVATV,True
V3Q,False,6.829337554030599,af3_tcr3,,B,NLVPMVATV,NLQPMVATV,True
V3R,False,-1.67116992501962,af3_tcr3,,B,NLVPMVATV,NLRPMVATV,True
V3T,False,5.6693460849882635,af3_tcr3,,B,NLVPMVATV,NLTPMVATV,True
V3W,False,-1.6274013722686438,af3_tcr3,,B,NLVPMVATV,NLWPMVATV,True
V3V,True,7.0094237253296905,af3_tcr3,,B,NLVPMVATV,NLVPMVATV,True
V3D,False,-9.210340371976184,af3_tcr3,,B,NLVPMVATV,NLDPMVATV,False
V3F,False,-9.210340371976184,af3_tcr3,,B,NLVPMVATV,NLFPMVATV,False
V3G,False,-9.210340371976184,af3_tcr3,,B,NLVPMVATV,NLGPMVATV,False
V3H,False,-9.210340371976184,af3_tcr3,,B,NLVPMVATV,NLHPMVATV,False
V3N,False,-9.210340371976184,af3_tcr3,,B,NLVPMVATV,NLNPMVATV,False
V3S,False,-9.210340371976184,af3_tcr3,,B,NLVPMVATV,NLSPMVATV,False
V3Y,False,-9.210340371976184,af3_tcr3,,B,NLVPMVATV,NLYPMVATV,False
P4A,False,5.570474568076488,af3_tcr3,,B,NLVPMVATV,NLVAMVATV,True
P4C,False,4.953624375720456,af3_tcr3,,B,NLVPMVATV,NLVCMVATV,True
P4D,False,3.1375332286367117,af3_tcr3,,B,NLVPMVATV,NLVDMVATV,True
P4E,False,-2.6363064440441097,af3_tcr3,,B,NLVPMVATV,NLVEMVATV,True
P4G,False,7.001410398878208,af3_tcr3,,B,NLVPMVATV,NLVGMVATV,True
P4H,False,-0.9966176001875434,af3_tcr3,,B,NLVPMVATV,NLVHMVATV,True
P4I,False,-1.5346284805753383,af3_tcr3,,B,NLVPMVATV,NLVIMVATV,True
P4K,False,-0.9319518424840421,af3_tcr3,,B,NLVPMVATV,NLVKMVATV,True
P4M,False,5.341868368138877,af3_tcr3,,B,NLVPMVATV,NLVMMVATV,True
P4R,False,-3.729058860045086,af3_tcr3,,B,NLVPMVATV,NLVRMVATV,True
P4S,False,5.918895090421224,af3_tcr3,,B,NLVPMVATV,NLVSMVATV,True
P4Y,False,-1.6856903158117411,af3_tcr3,,B,NLVPMVATV,NLVYMVATV,True
P4P,True,7.0094237253296905,af3_tcr3,,B,NLVPMVATV,NLVPMVATV,True
P4F,False,-9.210340371976184,af3_tcr3,,B,NLVPMVATV,NLVFMVATV,False
P4L,False,-9.210340371976184,af3_tcr3,,B,NLVPMVATV,NLVLMVATV,False
P4N,False,-9.210340371976184,af3_tcr3,,B,NLVPMVATV,NLVNMVATV,False
P4Q,False,-9.210340371976184,af3_tcr3,,B,NLVPMVATV,NLVQMVATV,False
P4T,False,-9.210340371976184,af3_tcr3,,B,NLVPMVATV,NLVTMVATV,False
P4V,False,-9.210340371976184,af3_tcr3,,B,NLVPMVATV,NLVVMVATV,False
P4W,False,-9.210340371976184,af3_tcr3,,B,NLVPMVATV,NLVWMVATV,False
M5C,False,0.008575269784034258,af3_tcr3,,B,NLVPMVATV,NLVPCVATV,True
M5N,False,-4.7621194558724165,af3_tcr3,,B,NLVPMVATV,NLVPNVATV,True
M5M,True,7.0094237253296905,af3_tcr3,,B,NLVPMVATV,NLVPMVATV,True
M5A,False,-9.210340371976184,af3_tcr3,,B,NLVPMVATV,NLVPAVATV,False
M5D,False,-9.210340371976184,af3_tcr3,,B,NLVPMVATV,NLVPDVATV,False
M5E,False,-9.210340371976184,af3_tcr3,,B,NLVPMVATV,NLVPEVATV,False
M5F,False,-9.210340371976184,af3_tcr3,,B,NLVPMVATV,NLVPFVATV,False
M5G,False,-9.210340371976184,af3_tcr3,,B,NLVPMVATV,NLVPGVATV,False
M5H,False,-9.210340371976184,af3_tcr3,,B,NLVPMVATV,NLVPHVATV,False
M5K,False,-9.210340371976184,af3_tcr3,,B,NLVPMVATV,NLVPKVATV,False
M5L,False,-9.210340371976184,af3_tcr3,,B,NLVPMVATV,NLVPLVATV,False
M5P,False,-9.210340371976184,af3_tcr3,,B,NLVPMVATV,NLVPPVATV,False
M5Q,False,-9.210340371976184,af3_tcr3,,B,NLVPMVATV,NLVPQVATV,False
M5R,False,-9.210340371976184,af3_tcr3,,B,NLVPMVATV,NLVPRVATV,False
M5S,False,-9.210340371976184,af3_tcr3,,B,NLVPMVATV,NLVPSVATV,False
M5T,False,-9.210340371976184,af3_tcr3,,B,NLVPMVATV,NLVPTVATV,False
M5V,False,-9.210340371976184,af3_tcr3,,B,NLVPMVATV,NLVPVVATV,False
M5W,False,-9.210340371976184,af3_tcr3,,B,NLVPMVATV,NLVPWVATV,False
M5Y,False,-9.210340371976184,af3_tcr3,,B,NLVPMVATV,NLVPYVATV,False
M5I,False,-9.210340371976184,af3_tcr3,,B,NLVPMVATV,NLVPIVATV,False
V6A,False,-0.7367414083617797,af3_tcr3,,B,NLVPMVATV,NLVPMAATV,True
V6C,False,5.986936625241921,af3_tcr3,,B,NLVPMVATV,NLVPMCATV,True
V6G,False,-3.794896688221089,af3_tcr3,,B,NLVPMVATV,NLVPMGATV,True
V6I,False,7.049429041791312,af3_tcr3,,B,NLVPMVATV,NLVPMIATV,True
V6K,False,-2.123717572048475,af3_tcr3,,B,NLVPMVATV,NLVPMKATV,True
V6L,False,6.9603084331294625,af3_tcr3,,B,NLVPMVATV,NLVPMLATV,True
V6M,False,6.527569068056862,af3_tcr3,,B,NLVPMVATV,NLVPMMATV,True
V6Q,False,0.5513274678445887,af3_tcr3,,B,NLVPMVATV,NLVPMQATV,True
V6R,False,-0.366746337195248,af3_tcr3,,B,NLVPMVATV,NLVPMRATV,True
V6S,False,7.404046552998002,af3_tcr3,,B,NLVPMVATV,NLVPMSATV,True
V6T,False,5.664728904085704,af3_tcr3,,B,NLVPMVATV,NLVPMTATV,True
V6W,False,-1.1203201698993148,af3_tcr3,,B,NLVPMVATV,NLVPMWATV,True
V6Y,False,-0.5946937706612627,af3_tcr3,,B,NLVPMVATV,NLVPMYATV,True
V6V,True,7.0094237253296905,af3_tcr3,,B,NLVPMVATV,NLVPMVATV,True
V6D,False,-9.210340371976184,af3_tcr3,,B,NLVPMVATV,NLVPMDATV,False
V6E,False,-9.210340371976184,af3_tcr3,,B,NLVPMVATV,NLVPMEATV,False
V6F,False,-9.210340371976184,af3_tcr3,,B,NLVPMVATV,NLVPMFATV,False
V6H,False,-9.210340371976184,af3_tcr3,,B,NLVPMVATV,NLVPMHATV,False
V6N,False,-9.210340371976184,af3_tcr3,,B,NLVPMVATV,NLVPMNATV,False
V6P,False,-9.210340371976184,af3_tcr3,,B,NLVPMVATV,NLVPMPATV,False
A7C,False,7.869962935367348,af3_tcr3,,B,NLVPMVATV,NLVPMVCTV,True
A7D,False,5.00956062597931,af3_tcr3,,B,NLVPMVATV,NLVPMVDTV,True
A7E,False,6.545174055203282,af3_tcr3,,B,NLVPMVATV,NLVPMVETV,True
A7G,False,3.420787123786214,af3_tcr3,,B,NLVPMVATV,NLVPMVGTV,True
A7H,False,5.410643994207709,af3_tcr3,,B,NLVPMVATV,NLVPMVHTV,True
A7I,False,6.455244741906974,af3_tcr3,,B,NLVPMVATV,NLVPMVITV,True
A7M,False,6.820917512972596,af3_tcr3,,B,NLVPMVATV,NLVPMVMTV,True
A7N,False,6.6364896588246705,af3_tcr3,,B,NLVPMVATV,NLVPMVNTV,True
A7Q,False,6.753823499588051,af3_tcr3,,B,NLVPMVATV,NLVPMVQTV,True
A7S,False,6.77616598938489,af3_tcr3,,B,NLVPMVATV,NLVPMVSTV,True
A7T,False,6.759990219531733,af3_tcr3,,B,NLVPMVATV,NLVPMVTTV,True
A7V,False,3.039723847298191,af3_tcr3,,B,NLVPMVATV,NLVPMVVTV,True
A7A,True,7.0094237253296905,af3_tcr3,,B,NLVPMVATV,NLVPMVATV,True
A7F,False,-9.210340371976184,af3_tcr3,,B,NLVPMVATV,NLVPMVFTV,False
A7K,False,-9.210340371976184,af3_tcr3,,B,NLVPMVATV,NLVPMVKTV,False
A7L,False,-9.210340371976184,af3_tcr3,,B,NLVPMVATV,NLVPMVLTV,False
A7P,False,-9.210340371976184,af3_tcr3,,B,NLVPMVATV,NLVPMVPTV,False
A7R,False,-9.210340371976184,af3_tcr3,,B,NLVPMVATV,NLVPMVRTV,False
A7W,False,-9.210340371976184,af3_tcr3,,B,NLVPMVATV,NLVPMVWTV,False
A7Y,False,-9.210340371976184,af3_tcr3,,B,NLVPMVATV,NLVPMVYTV,False
T8A,False,5.414644339233892,af3_tcr3,,B,NLVPMVATV,NLVPMVAAV,True
T8C,False,6.797347891247315,af3_tcr3,,B,NLVPMVATV,NLVPMVACV,True
T8D,False,2.6176889104721917,af3_tcr3,,B,NLVPMVATV,NLVPMVADV,True
T8G,False,6.477845330565205,af3_tcr3,,B,NLVPMVATV,NLVPMVAGV,True
T8H,False,2.225741095640877,af3_tcr3,,B,NLVPMVATV,NLVPMVAHV,True
T8I,False,1.6028921055451917,af3_tcr3,,B,NLVPMVATV,NLVPMVAIV,True
T8K,False,5.785253473135316,af3_tcr3,,B,NLVPMVATV,NLVPMVAKV,True
T8N,False,6.370094608361731,af3_tcr3,,B,NLVPMVATV,NLVPMVANV,True
T8R,False,6.392900659092793,af3_tcr3,,B,NLVPMVATV,NLVPMVARV,True
T8S,False,6.66572657983618,af3_tcr3,,B,NLVPMVATV,NLVPMVASV,True
T8V,False,4.856227427833629,af3_tcr3,,B,NLVPMVATV,NLVPMVAVV,True
T8W,False,-0.9721629077237403,af3_tcr3,,B,NLVPMVATV,NLVPMVAWV,True
T8T,True,7.0094237253296905,af3_tcr3,,B,NLVPMVATV,NLVPMVATV,True
T8E,False,-9.210340371976184,af3_tcr3,,B,NLVPMVATV,NLVPMVAEV,False
T8F,False,-9.210340371976184,af3_tcr3,,B,NLVPMVATV,NLVPMVAFV,False
T8L,False,-9.210340371976184,af3_tcr3,,B,NLVPMVATV,NLVPMVALV,False
T8M,False,-9.210340371976184,af3_tcr3,,B,NLVPMVATV,NLVPMVAMV,False
T8P,False,-9.210340371976184,af3_tcr3,,B,NLVPMVATV,NLVPMVAPV,False
T8Q,False,-9.210340371976184,af3_tcr3,,B,NLVPMVATV,NLVPMVAQV,False
T8Y,False,-9.210340371976184,af3_tcr3,,B,NLVPMVATV,NLVPMVAYV,False
V9A,False,7.279689848588073,af3_tcr3,,B,NLVPMVATV,NLVPMVATA,True
V9C,False,7.104490437357406,af3_tcr3,,B,NLVPMVATV,NLVPMVATC,True
V9D,False,-3.1104320711095776,af3_tcr3,,B,NLVPMVATV,NLVPMVATD,True
V9E,False,-3.1629101419568344,af3_tcr3,,B,NLVPMVATV,NLVPMVATE,True
V9F,False,-1.0443908515403373,af3_tcr3,,B,NLVPMVATV,NLVPMVATF,True
V9G,False,-1.5948088221832697,af3_tcr3,,B,NLVPMVATV,NLVPMVATG,True
V9H,False,-4.207636954837282,af3_tcr3,,B,NLVPMVATV,NLVPMVATH,True
V9I,False,6.353877739338798,af3_tcr3,,B,NLVPMVATV,NLVPMVATI,True
V9K,False,-3.6941503107735896,af3_tcr3,,B,NLVPMVATV,NLVPMVATK,True
V9L,False,6.989870879275223,af3_tcr3,,B,NLVPMVATV,NLVPMVATL,True
V9M,False,-0.06541546673108452,af3_tcr3,,B,NLVPMVATV,NLVPMVATM,True
V9N,False,-1.8365920173112222,af3_tcr3,,B,NLVPMVATV,NLVPMVATN,True
V9P,False,-2.4201730314221095,af3_tcr3,,B,NLVPMVATV,NLVPMVATP,True
V9Q,False,-2.5272066324808202,af3_tcr3,,B,NLVPMVATV,NLVPMVATQ,True
V9R,False,-2.630306610392623,af3_tcr3,,B,NLVPMVATV,NLVPMVATR,True
V9S,False,5.881954563632285,af3_tcr3,,B,NLVPMVATV,NLVPMVATS,True
V9T,False,-1.1758676951637943,af3_tcr3,,B,NLVPMVATV,NLVPMVATT,True
V9W,False,-1.3048133216733928,af3_tcr3,,B,NLVPMVATV,NLVPMVATW,True
V9Y,False,-1.6173774543415538,af3_tcr3,,B,NLVPMVATV,NLVPMVATY,True
V9V,True,7.0094237253296905,af3_tcr3,,B,NLVPMVATV,NLVPMVATV,True
