Unnamed: 0,mutant,is_wt,- delta log_ec50_M,wt_pdb,mutant_chain,sequence,wt_seq
0,D378A,False,-6.15673505358393,TCR5_T00000_A0201_IMDQVPFSV_0_model_1_model_2_ptm_ft4,A,IMAQVPFSV,IMDQVPFSV
1,D378C,False,-5.1585307449890845,TCR5_T00000_A0201_IMDQVPFSV_0_model_1_model_2_ptm_ft4,A,IMCQVPFSV,IMDQVPFSV
2,D378E,False,-6.517837489820552,TCR5_T00000_A0201_IMDQVPFSV_0_model_1_model_2_ptm_ft4,A,IMEQVPFSV,IMDQVPFSV
3,D378F,False,-6.343247370568946,TCR5_T00000_A0201_IMDQVPFSV_0_model_1_model_2_ptm_ft4,A,IMFQVPFSV,IMDQVPFSV
4,D378G,False,-5.983020237531925,TCR5_T00000_A0201_IMDQVPFSV_0_model_1_model_2_ptm_ft4,A,IMGQVPFSV,IMDQVPFSV
5,D378H,False,-5.216989358391693,TCR5_T00000_A0201_IMDQVPFSV_0_model_1_model_2_ptm_ft4,A,IMHQVPFSV,IMDQVPFSV
6,D378I,False,-2.373866560403174,TCR5_T00000_A0201_IMDQVPFSV_0_model_1_model_2_ptm_ft4,A,IMIQVPFSV,IMDQVPFSV
7,D378K,False,-3.6879462889064216,TCR5_T00000_A0201_IMDQVPFSV_0_model_1_model_2_ptm_ft4,A,IMKQVPFSV,IMDQVPFSV
8,D378L,False,-4.282848918746019,TCR5_T00000_A0201_IMDQVPFSV_0_model_1_model_2_ptm_ft4,A,IMLQVPFSV,IMDQVPFSV
9,D378M,False,-4.576388669462038,TCR5_T00000_A0201_IMDQVPFSV_0_model_1_model_2_ptm_ft4,A,IMMQVPFSV,IMDQVPFSV
10,D378N,False,-1.2479477029005448,TCR5_T00000_A0201_IMDQVPFSV_0_model_1_model_2_ptm_ft4,A,IMNQVPFSV,IMDQVPFSV
11,D378P,False,-1.5956698881925,TCR5_T00000_A0201_IMDQVPFSV_0_model_1_model_2_ptm_ft4,A,IMPQVPFSV,IMDQVPFSV
12,D378Q,False,-10.245217072534585,TCR5_T00000_A0201_IMDQVPFSV_0_model_1_model_2_ptm_ft4,A,IMQQVPFSV,IMDQVPFSV
13,D378R,False,-3.5662841448596136,TCR5_T00000_A0201_IMDQVPFSV_0_model_1_model_2_ptm_ft4,A,IMRQVPFSV,IMDQVPFSV
14,D378S,False,-9.91679016164086,TCR5_T00000_A0201_IMDQVPFSV_0_model_1_model_2_ptm_ft4,A,IMSQVPFSV,IMDQVPFSV
15,D378T,False,-10.122749879487946,TCR5_T00000_A0201_IMDQVPFSV_0_model_1_model_2_ptm_ft4,A,IMTQVPFSV,IMDQVPFSV
16,D378V,False,-6.821846402752488,TCR5_T00000_A0201_IMDQVPFSV_0_model_1_model_2_ptm_ft4,A,IMVQVPFSV,IMDQVPFSV
17,D378W,False,0.2411353763270849,TCR5_T00000_A0201_IMDQVPFSV_0_model_1_model_2_ptm_ft4,A,IMWQVPFSV,IMDQVPFSV
18,D378Y,False,-3.5488758659911355,TCR5_T00000_A0201_IMDQVPFSV_0_model_1_model_2_ptm_ft4,A,IMYQVPFSV,IMDQVPFSV
19,F382A,False,-5.973087147844397,TCR5_T00000_A0201_IMDQVPFSV_0_model_1_model_2_ptm_ft4,A,IMDQVPASV,IMDQVPFSV
20,F382C,False,-1.7377134413458677,TCR5_T00000_A0201_IMDQVPFSV_0_model_1_model_2_ptm_ft4,A,IMDQVPCSV,IMDQVPFSV
21,F382D,False,-10.243890892916664,TCR5_T00000_A0201_IMDQVPFSV_0_model_1_model_2_ptm_ft4,A,IMDQVPDSV,IMDQVPFSV
22,F382E,False,-10.0540118778003,TCR5_T00000_A0201_IMDQVPFSV_0_model_1_model_2_ptm_ft4,A,IMDQVPESV,IMDQVPFSV
23,F382G,False,-6.559820684664869,TCR5_T00000_A0201_IMDQVPFSV_0_model_1_model_2_ptm_ft4,A,IMDQVPGSV,IMDQVPFSV
24,F382H,False,-10.205555965717046,TCR5_T00000_A0201_IMDQVPFSV_0_model_1_model_2_ptm_ft4,A,IMDQVPHSV,IMDQVPFSV
25,F382I,False,-10.213007314728454,TCR5_T00000_A0201_IMDQVPFSV_0_model_1_model_2_ptm_ft4,A,IMDQVPISV,IMDQVPFSV
26,F382K,False,-6.397470303934384,TCR5_T00000_A0201_IMDQVPFSV_0_model_1_model_2_ptm_ft4,A,IMDQVPKSV,IMDQVPFSV
27,F382L,False,-10.21721471904105,TCR5_T00000_A0201_IMDQVPFSV_0_model_1_model_2_ptm_ft4,A,IMDQVPLSV,IMDQVPFSV
28,F382M,False,-10.136460245317371,TCR5_T00000_A0201_IMDQVPFSV_0_model_1_model_2_ptm_ft4,A,IMDQVPMSV,IMDQVPFSV
29,F382N,False,-10.21006625973664,TCR5_T00000_A0201_IMDQVPFSV_0_model_1_model_2_ptm_ft4,A,IMDQVPNSV,IMDQVPFSV
30,F382P,False,-3.330383838702832,TCR5_T00000_A0201_IMDQVPFSV_0_model_1_model_2_ptm_ft4,A,IMDQVPPSV,IMDQVPFSV
31,F382Q,False,-10.194533039218266,TCR5_T00000_A0201_IMDQVPFSV_0_model_1_model_2_ptm_ft4,A,IMDQVPQSV,IMDQVPFSV
32,F382R,False,-3.093799919179766,TCR5_T00000_A0201_IMDQVPFSV_0_model_1_model_2_ptm_ft4,A,IMDQVPRSV,IMDQVPFSV
33,F382S,False,-10.046763662166146,TCR5_T00000_A0201_IMDQVPFSV_0_model_1_model_2_ptm_ft4,A,IMDQVPSSV,IMDQVPFSV
34,F382T,False,-10.176935068440365,TCR5_T00000_A0201_IMDQVPFSV_0_model_1_model_2_ptm_ft4,A,IMDQVPTSV,IMDQVPFSV
35,F382V,False,-5.2571998849707295,TCR5_T00000_A0201_IMDQVPFSV_0_model_1_model_2_ptm_ft4,A,IMDQVPVSV,IMDQVPFSV
36,F382W,False,-0.3906808314575354,TCR5_T00000_A0201_IMDQVPFSV_0_model_1_model_2_ptm_ft4,A,IMDQVPWSV,IMDQVPFSV
37,F382Y,False,-0.4332169528404517,TCR5_T00000_A0201_IMDQVPFSV_0_model_1_model_2_ptm_ft4,A,IMDQVPYSV,IMDQVPFSV
38,I376A,False,0.1805514626090438,TCR5_T00000_A0201_IMDQVPFSV_0_model_1_model_2_ptm_ft4,A,AMDQVPFSV,IMDQVPFSV
39,I376C,False,-0.3418857808118876,TCR5_T00000_A0201_IMDQVPFSV_0_model_1_model_2_ptm_ft4,A,CMDQVPFSV,IMDQVPFSV
40,I376D,False,-2.838292172241041,TCR5_T00000_A0201_IMDQVPFSV_0_model_1_model_2_ptm_ft4,A,DMDQVPFSV,IMDQVPFSV
41,I376E,False,-0.8294057871420168,TCR5_T00000_A0201_IMDQVPFSV_0_model_1_model_2_ptm_ft4,A,EMDQVPFSV,IMDQVPFSV
42,I376F,False,0.2410188319566781,TCR5_T00000_A0201_IMDQVPFSV_0_model_1_model_2_ptm_ft4,A,FMDQVPFSV,IMDQVPFSV
43,I376G,False,0.1113040595188632,TCR5_T00000_A0201_IMDQVPFSV_0_model_1_model_2_ptm_ft4,A,GMDQVPFSV,IMDQVPFSV
44,I376H,False,0.3013227547899682,TCR5_T00000_A0201_IMDQVPFSV_0_model_1_model_2_ptm_ft4,A,HMDQVPFSV,IMDQVPFSV
45,I376K,False,0.1529381970899859,TCR5_T00000_A0201_IMDQVPFSV_0_model_1_model_2_ptm_ft4,A,KMDQVPFSV,IMDQVPFSV
46,I376L,False,0.3046969555441965,TCR5_T00000_A0201_IMDQVPFSV_0_model_1_model_2_ptm_ft4,A,LMDQVPFSV,IMDQVPFSV
47,I376M,False,0.3146105808399522,TCR5_T00000_A0201_IMDQVPFSV_0_model_1_model_2_ptm_ft4,A,MMDQVPFSV,IMDQVPFSV
48,I376N,False,0.281669594906818,TCR5_T00000_A0201_IMDQVPFSV_0_model_1_model_2_ptm_ft4,A,NMDQVPFSV,IMDQVPFSV
49,I376P,False,-3.1341052931003635,TCR5_T00000_A0201_IMDQVPFSV_0_model_1_model_2_ptm_ft4,A,PMDQVPFSV,IMDQVPFSV
50,I376Q,False,0.120944021966876,TCR5_T00000_A0201_IMDQVPFSV_0_model_1_model_2_ptm_ft4,A,QMDQVPFSV,IMDQVPFSV
51,I376R,False,0.1465404507287235,TCR5_T00000_A0201_IMDQVPFSV_0_model_1_model_2_ptm_ft4,A,RMDQVPFSV,IMDQVPFSV
52,I376S,False,-0.237349228519438,TCR5_T00000_A0201_IMDQVPFSV_0_model_1_model_2_ptm_ft4,A,SMDQVPFSV,IMDQVPFSV
53,I376T,False,-0.4007503959942742,TCR5_T00000_A0201_IMDQVPFSV_0_model_1_model_2_ptm_ft4,A,TMDQVPFSV,IMDQVPFSV
54,I376V,False,0.2635925496056064,TCR5_T00000_A0201_IMDQVPFSV_0_model_1_model_2_ptm_ft4,A,VMDQVPFSV,IMDQVPFSV
55,I376W,False,0.305623994530201,TCR5_T00000_A0201_IMDQVPFSV_0_model_1_model_2_ptm_ft4,A,WMDQVPFSV,IMDQVPFSV
56,I376Y,False,0.3507699593454774,TCR5_T00000_A0201_IMDQVPFSV_0_model_1_model_2_ptm_ft4,A,YMDQVPFSV,IMDQVPFSV
57,M377A,False,0.0790460375041224,TCR5_T00000_A0201_IMDQVPFSV_0_model_1_model_2_ptm_ft4,A,IADQVPFSV,IMDQVPFSV
58,M377C,False,0.1921695534997987,TCR5_T00000_A0201_IMDQVPFSV_0_model_1_model_2_ptm_ft4,A,ICDQVPFSV,IMDQVPFSV
59,M377D,False,-3.514042415318502,TCR5_T00000_A0201_IMDQVPFSV_0_model_1_model_2_ptm_ft4,A,IDDQVPFSV,IMDQVPFSV
60,M377E,False,-0.5793847579511873,TCR5_T00000_A0201_IMDQVPFSV_0_model_1_model_2_ptm_ft4,A,IEDQVPFSV,IMDQVPFSV
61,M377F,False,-2.3750152502091044,TCR5_T00000_A0201_IMDQVPFSV_0_model_1_model_2_ptm_ft4,A,IFDQVPFSV,IMDQVPFSV
62,M377G,False,0.1554695175942839,TCR5_T00000_A0201_IMDQVPFSV_0_model_1_model_2_ptm_ft4,A,IGDQVPFSV,IMDQVPFSV
63,M377H,False,-0.1005579906634466,TCR5_T00000_A0201_IMDQVPFSV_0_model_1_model_2_ptm_ft4,A,IHDQVPFSV,IMDQVPFSV
64,M377I,False,0.1702051555468617,TCR5_T00000_A0201_IMDQVPFSV_0_model_1_model_2_ptm_ft4,A,IIDQVPFSV,IMDQVPFSV
65,M377K,False,0.2958283424072458,TCR5_T00000_A0201_IMDQVPFSV_0_model_1_model_2_ptm_ft4,A,IKDQVPFSV,IMDQVPFSV
66,M377L,False,0.1928045890649397,TCR5_T00000_A0201_IMDQVPFSV_0_model_1_model_2_ptm_ft4,A,ILDQVPFSV,IMDQVPFSV
67,M377N,False,0.2007258233588604,TCR5_T00000_A0201_IMDQVPFSV_0_model_1_model_2_ptm_ft4,A,INDQVPFSV,IMDQVPFSV
68,M377P,False,0.2270349378693108,TCR5_T00000_A0201_IMDQVPFSV_0_model_1_model_2_ptm_ft4,A,IPDQVPFSV,IMDQVPFSV
69,M377Q,False,0.3346860467704804,TCR5_T00000_A0201_IMDQVPFSV_0_model_1_model_2_ptm_ft4,A,IQDQVPFSV,IMDQVPFSV
70,M377R,False,0.0236674773534151,TCR5_T00000_A0201_IMDQVPFSV_0_model_1_model_2_ptm_ft4,A,IRDQVPFSV,IMDQVPFSV
71,M377S,False,-0.5893904244318922,TCR5_T00000_A0201_IMDQVPFSV_0_model_1_model_2_ptm_ft4,A,ISDQVPFSV,IMDQVPFSV
72,M377T,False,0.268597763703692,TCR5_T00000_A0201_IMDQVPFSV_0_model_1_model_2_ptm_ft4,A,ITDQVPFSV,IMDQVPFSV
73,M377V,False,-0.4818611958264842,TCR5_T00000_A0201_IMDQVPFSV_0_model_1_model_2_ptm_ft4,A,IVDQVPFSV,IMDQVPFSV
74,M377W,False,-4.551017809462385,TCR5_T00000_A0201_IMDQVPFSV_0_model_1_model_2_ptm_ft4,A,IWDQVPFSV,IMDQVPFSV
75,M377Y,False,-3.622306856267013,TCR5_T00000_A0201_IMDQVPFSV_0_model_1_model_2_ptm_ft4,A,IYDQVPFSV,IMDQVPFSV
76,P381A,False,-10.243358947155222,TCR5_T00000_A0201_IMDQVPFSV_0_model_1_model_2_ptm_ft4,A,IMDQVAFSV,IMDQVPFSV
77,P381C,False,-10.242053016899913,TCR5_T00000_A0201_IMDQVPFSV_0_model_1_model_2_ptm_ft4,A,IMDQVCFSV,IMDQVPFSV
78,P381D,False,-10.026053294407625,TCR5_T00000_A0201_IMDQVPFSV_0_model_1_model_2_ptm_ft4,A,IMDQVDFSV,IMDQVPFSV
79,P381E,False,-3.3306734582801694,TCR5_T00000_A0201_IMDQVPFSV_0_model_1_model_2_ptm_ft4,A,IMDQVEFSV,IMDQVPFSV
80,P381F,False,-10.206715126374483,TCR5_T00000_A0201_IMDQVPFSV_0_model_1_model_2_ptm_ft4,A,IMDQVFFSV,IMDQVPFSV
81,P381G,False,-10.175451608100976,TCR5_T00000_A0201_IMDQVPFSV_0_model_1_model_2_ptm_ft4,A,IMDQVGFSV,IMDQVPFSV
82,P381H,False,-10.00520118351352,TCR5_T00000_A0201_IMDQVPFSV_0_model_1_model_2_ptm_ft4,A,IMDQVHFSV,IMDQVPFSV
83,P381I,False,-10.246672194021876,TCR5_T00000_A0201_IMDQVPFSV_0_model_1_model_2_ptm_ft4,A,IMDQVIFSV,IMDQVPFSV
84,P381K,False,-10.094079897741478,TCR5_T00000_A0201_IMDQVPFSV_0_model_1_model_2_ptm_ft4,A,IMDQVKFSV,IMDQVPFSV
85,P381L,False,-10.15978685479255,TCR5_T00000_A0201_IMDQVPFSV_0_model_1_model_2_ptm_ft4,A,IMDQVLFSV,IMDQVPFSV
86,P381M,False,-10.20218410554346,TCR5_T00000_A0201_IMDQVPFSV_0_model_1_model_2_ptm_ft4,A,IMDQVMFSV,IMDQVPFSV
87,P381N,False,-10.170443333931477,TCR5_T00000_A0201_IMDQVPFSV_0_model_1_model_2_ptm_ft4,A,IMDQVNFSV,IMDQVPFSV
88,P381Q,False,-3.411758827038464,TCR5_T00000_A0201_IMDQVPFSV_0_model_1_model_2_ptm_ft4,A,IMDQVQFSV,IMDQVPFSV
89,P381R,False,-5.965234774091202,TCR5_T00000_A0201_IMDQVPFSV_0_model_1_model_2_ptm_ft4,A,IMDQVRFSV,IMDQVPFSV
90,P381S,False,-10.192613053912035,TCR5_T00000_A0201_IMDQVPFSV_0_model_1_model_2_ptm_ft4,A,IMDQVSFSV,IMDQVPFSV
91,P381T,False,-10.016063068025506,TCR5_T00000_A0201_IMDQVPFSV_0_model_1_model_2_ptm_ft4,A,IMDQVTFSV,IMDQVPFSV
92,P381V,False,-10.25194257618568,TCR5_T00000_A0201_IMDQVPFSV_0_model_1_model_2_ptm_ft4,A,IMDQVVFSV,IMDQVPFSV
93,P381W,False,-10.177807150916424,TCR5_T00000_A0201_IMDQVPFSV_0_model_1_model_2_ptm_ft4,A,IMDQVWFSV,IMDQVPFSV
94,P381Y,False,-9.99481378010927,TCR5_T00000_A0201_IMDQVPFSV_0_model_1_model_2_ptm_ft4,A,IMDQVYFSV,IMDQVPFSV
95,Q379A,False,0.2999376151025803,TCR5_T00000_A0201_IMDQVPFSV_0_model_1_model_2_ptm_ft4,A,IMDAVPFSV,IMDQVPFSV
96,Q379C,False,-5.643202567617869,TCR5_T00000_A0201_IMDQVPFSV_0_model_1_model_2_ptm_ft4,A,IMDCVPFSV,IMDQVPFSV
97,Q379D,False,-6.75329142796433,TCR5_T00000_A0201_IMDQVPFSV_0_model_1_model_2_ptm_ft4,A,IMDDVPFSV,IMDQVPFSV
98,Q379E,False,-6.980644792379797,TCR5_T00000_A0201_IMDQVPFSV_0_model_1_model_2_ptm_ft4,A,IMDEVPFSV,IMDQVPFSV
99,Q379F,False,-10.203682389152725,TCR5_T00000_A0201_IMDQVPFSV_0_model_1_model_2_ptm_ft4,A,IMDFVPFSV,IMDQVPFSV
100,Q379G,False,-9.9374338281852,TCR5_T00000_A0201_IMDQVPFSV_0_model_1_model_2_ptm_ft4,A,IMDGVPFSV,IMDQVPFSV
101,Q379H,False,-10.254129112691722,TCR5_T00000_A0201_IMDQVPFSV_0_model_1_model_2_ptm_ft4,A,IMDHVPFSV,IMDQVPFSV
102,Q379I,False,-10.134077855645428,TCR5_T00000_A0201_IMDQVPFSV_0_model_1_model_2_ptm_ft4,A,IMDIVPFSV,IMDQVPFSV
103,Q379K,False,-5.15582639564035,TCR5_T00000_A0201_IMDQVPFSV_0_model_1_model_2_ptm_ft4,A,IMDKVPFSV,IMDQVPFSV
104,Q379L,False,-6.515907882800771,TCR5_T00000_A0201_IMDQVPFSV_0_model_1_model_2_ptm_ft4,A,IMDLVPFSV,IMDQVPFSV
105,Q379M,False,0.3184456456234965,TCR5_T00000_A0201_IMDQVPFSV_0_model_1_model_2_ptm_ft4,A,IMDMVPFSV,IMDQVPFSV
106,Q379N,False,-6.909997680565783,TCR5_T00000_A0201_IMDQVPFSV_0_model_1_model_2_ptm_ft4,A,IMDNVPFSV,IMDQVPFSV
107,Q379P,False,-6.538654024820686,TCR5_T00000_A0201_IMDQVPFSV_0_model_1_model_2_ptm_ft4,A,IMDPVPFSV,IMDQVPFSV
108,Q379R,False,-6.447461428104647,TCR5_T00000_A0201_IMDQVPFSV_0_model_1_model_2_ptm_ft4,A,IMDRVPFSV,IMDQVPFSV
109,Q379S,False,-6.550769704940885,TCR5_T00000_A0201_IMDQVPFSV_0_model_1_model_2_ptm_ft4,A,IMDSVPFSV,IMDQVPFSV
110,Q379T,False,-6.1417480679720455,TCR5_T00000_A0201_IMDQVPFSV_0_model_1_model_2_ptm_ft4,A,IMDTVPFSV,IMDQVPFSV
111,Q379V,False,-1.405024838110899,TCR5_T00000_A0201_IMDQVPFSV_0_model_1_model_2_ptm_ft4,A,IMDVVPFSV,IMDQVPFSV
112,Q379W,False,-6.732065743379224,TCR5_T00000_A0201_IMDQVPFSV_0_model_1_model_2_ptm_ft4,A,IMDWVPFSV,IMDQVPFSV
113,Q379Y,False,-10.263505341509402,TCR5_T00000_A0201_IMDQVPFSV_0_model_1_model_2_ptm_ft4,A,IMDYVPFSV,IMDQVPFSV
114,S383A,False,-0.5488874896447857,TCR5_T00000_A0201_IMDQVPFSV_0_model_1_model_2_ptm_ft4,A,IMDQVPFAV,IMDQVPFSV
115,S383C,False,-0.7973326558620428,TCR5_T00000_A0201_IMDQVPFSV_0_model_1_model_2_ptm_ft4,A,IMDQVPFCV,IMDQVPFSV
116,S383D,False,-1.2505044954381148,TCR5_T00000_A0201_IMDQVPFSV_0_model_1_model_2_ptm_ft4,A,IMDQVPFDV,IMDQVPFSV
117,S383E,False,0.1812404522594803,TCR5_T00000_A0201_IMDQVPFSV_0_model_1_model_2_ptm_ft4,A,IMDQVPFEV,IMDQVPFSV
118,S383F,False,-1.3527786425390662,TCR5_T00000_A0201_IMDQVPFSV_0_model_1_model_2_ptm_ft4,A,IMDQVPFFV,IMDQVPFSV
119,S383G,False,-0.7887117310048399,TCR5_T00000_A0201_IMDQVPFSV_0_model_1_model_2_ptm_ft4,A,IMDQVPFGV,IMDQVPFSV
120,S383H,False,0.0798147262787178,TCR5_T00000_A0201_IMDQVPFSV_0_model_1_model_2_ptm_ft4,A,IMDQVPFHV,IMDQVPFSV
121,S383I,False,-0.6492425175229126,TCR5_T00000_A0201_IMDQVPFSV_0_model_1_model_2_ptm_ft4,A,IMDQVPFIV,IMDQVPFSV
122,S383K,False,-0.9732729594372812,TCR5_T00000_A0201_IMDQVPFSV_0_model_1_model_2_ptm_ft4,A,IMDQVPFKV,IMDQVPFSV
123,S383L,False,-0.9847688238925372,TCR5_T00000_A0201_IMDQVPFSV_0_model_1_model_2_ptm_ft4,A,IMDQVPFLV,IMDQVPFSV
124,S383M,False,-0.6142845121664333,TCR5_T00000_A0201_IMDQVPFSV_0_model_1_model_2_ptm_ft4,A,IMDQVPFMV,IMDQVPFSV
125,S383N,False,-0.4226344859045685,TCR5_T00000_A0201_IMDQVPFSV_0_model_1_model_2_ptm_ft4,A,IMDQVPFNV,IMDQVPFSV
126,S383P,False,-0.4183706163192404,TCR5_T00000_A0201_IMDQVPFSV_0_model_1_model_2_ptm_ft4,A,IMDQVPFPV,IMDQVPFSV
127,S383Q,False,-0.9610284523928634,TCR5_T00000_A0201_IMDQVPFSV_0_model_1_model_2_ptm_ft4,A,IMDQVPFQV,IMDQVPFSV
128,S383R,False,-10.16838848491826,TCR5_T00000_A0201_IMDQVPFSV_0_model_1_model_2_ptm_ft4,A,IMDQVPFRV,IMDQVPFSV
129,S383T,False,-0.263815259283211,TCR5_T00000_A0201_IMDQVPFSV_0_model_1_model_2_ptm_ft4,A,IMDQVPFTV,IMDQVPFSV
130,S383V,False,-0.37436667471645,TCR5_T00000_A0201_IMDQVPFSV_0_model_1_model_2_ptm_ft4,A,IMDQVPFVV,IMDQVPFSV
131,S383W,False,-7.016848872800997,TCR5_T00000_A0201_IMDQVPFSV_0_model_1_model_2_ptm_ft4,A,IMDQVPFWV,IMDQVPFSV
132,S383Y,False,-6.3433584041782805,TCR5_T00000_A0201_IMDQVPFSV_0_model_1_model_2_ptm_ft4,A,IMDQVPFYV,IMDQVPFSV
133,V380A,False,-0.9306517247156112,TCR5_T00000_A0201_IMDQVPFSV_0_model_1_model_2_ptm_ft4,A,IMDQAPFSV,IMDQVPFSV
134,V380C,False,-0.3653519204019684,TCR5_T00000_A0201_IMDQVPFSV_0_model_1_model_2_ptm_ft4,A,IMDQCPFSV,IMDQVPFSV
135,V380D,False,-10.291127993745905,TCR5_T00000_A0201_IMDQVPFSV_0_model_1_model_2_ptm_ft4,A,IMDQDPFSV,IMDQVPFSV
136,V380E,False,-6.027543424862946,TCR5_T00000_A0201_IMDQVPFSV_0_model_1_model_2_ptm_ft4,A,IMDQEPFSV,IMDQVPFSV
137,V380F,False,-6.099712176723527,TCR5_T00000_A0201_IMDQVPFSV_0_model_1_model_2_ptm_ft4,A,IMDQFPFSV,IMDQVPFSV
138,V380G,False,-10.218957194638392,TCR5_T00000_A0201_IMDQVPFSV_0_model_1_model_2_ptm_ft4,A,IMDQGPFSV,IMDQVPFSV
139,V380H,False,-5.879062644492454,TCR5_T00000_A0201_IMDQVPFSV_0_model_1_model_2_ptm_ft4,A,IMDQHPFSV,IMDQVPFSV
140,V380I,False,-0.0832628715266103,TCR5_T00000_A0201_IMDQVPFSV_0_model_1_model_2_ptm_ft4,A,IMDQIPFSV,IMDQVPFSV
141,V380K,False,-10.066079895618897,TCR5_T00000_A0201_IMDQVPFSV_0_model_1_model_2_ptm_ft4,A,IMDQKPFSV,IMDQVPFSV
142,V380L,False,-10.208412897050325,TCR5_T00000_A0201_IMDQVPFSV_0_model_1_model_2_ptm_ft4,A,IMDQLPFSV,IMDQVPFSV
143,V380M,False,-10.14582214292388,TCR5_T00000_A0201_IMDQVPFSV_0_model_1_model_2_ptm_ft4,A,IMDQMPFSV,IMDQVPFSV
144,V380N,False,-9.948006802676366,TCR5_T00000_A0201_IMDQVPFSV_0_model_1_model_2_ptm_ft4,A,IMDQNPFSV,IMDQVPFSV
145,V380P,False,-10.083405717577572,TCR5_T00000_A0201_IMDQVPFSV_0_model_1_model_2_ptm_ft4,A,IMDQPPFSV,IMDQVPFSV
146,V380Q,False,-10.24323165054678,TCR5_T00000_A0201_IMDQVPFSV_0_model_1_model_2_ptm_ft4,A,IMDQQPFSV,IMDQVPFSV
147,V380R,False,-10.1002069062583,TCR5_T00000_A0201_IMDQVPFSV_0_model_1_model_2_ptm_ft4,A,IMDQRPFSV,IMDQVPFSV
148,V380S,False,-6.519071327935771,TCR5_T00000_A0201_IMDQVPFSV_0_model_1_model_2_ptm_ft4,A,IMDQSPFSV,IMDQVPFSV
149,V380T,False,-0.2300188201790778,TCR5_T00000_A0201_IMDQVPFSV_0_model_1_model_2_ptm_ft4,A,IMDQTPFSV,IMDQVPFSV
150,V380W,False,-10.31692709989839,TCR5_T00000_A0201_IMDQVPFSV_0_model_1_model_2_ptm_ft4,A,IMDQWPFSV,IMDQVPFSV
151,V380Y,False,-10.131561469183346,TCR5_T00000_A0201_IMDQVPFSV_0_model_1_model_2_ptm_ft4,A,IMDQYPFSV,IMDQVPFSV
152,V384A,False,-0.2607615826591196,TCR5_T00000_A0201_IMDQVPFSV_0_model_1_model_2_ptm_ft4,A,IMDQVPFSA,IMDQVPFSV
153,V384C,False,-0.4638874895149421,TCR5_T00000_A0201_IMDQVPFSV_0_model_1_model_2_ptm_ft4,A,IMDQVPFSC,IMDQVPFSV
154,V384D,False,-5.066088986124097,TCR5_T00000_A0201_IMDQVPFSV_0_model_1_model_2_ptm_ft4,A,IMDQVPFSD,IMDQVPFSV
155,V384E,False,-2.385842219967251,TCR5_T00000_A0201_IMDQVPFSV_0_model_1_model_2_ptm_ft4,A,IMDQVPFSE,IMDQVPFSV
156,V384F,False,-3.166572567781129,TCR5_T00000_A0201_IMDQVPFSV_0_model_1_model_2_ptm_ft4,A,IMDQVPFSF,IMDQVPFSV
157,V384G,False,-2.45852607055426,TCR5_T00000_A0201_IMDQVPFSV_0_model_1_model_2_ptm_ft4,A,IMDQVPFSG,IMDQVPFSV
158,V384H,False,-1.402396317691652,TCR5_T00000_A0201_IMDQVPFSV_0_model_1_model_2_ptm_ft4,A,IMDQVPFSH,IMDQVPFSV
159,V384I,False,-0.6846783668684981,TCR5_T00000_A0201_IMDQVPFSV_0_model_1_model_2_ptm_ft4,A,IMDQVPFSI,IMDQVPFSV
160,V384K,False,-3.752728097491187,TCR5_T00000_A0201_IMDQVPFSV_0_model_1_model_2_ptm_ft4,A,IMDQVPFSK,IMDQVPFSV
161,V384L,False,-0.5901812918880616,TCR5_T00000_A0201_IMDQVPFSV_0_model_1_model_2_ptm_ft4,A,IMDQVPFSL,IMDQVPFSV
162,V384M,False,-0.810808209695379,TCR5_T00000_A0201_IMDQVPFSV_0_model_1_model_2_ptm_ft4,A,IMDQVPFSM,IMDQVPFSV
163,V384N,False,-2.250830473817347,TCR5_T00000_A0201_IMDQVPFSV_0_model_1_model_2_ptm_ft4,A,IMDQVPFSN,IMDQVPFSV
164,V384P,False,-3.5788078392375384,TCR5_T00000_A0201_IMDQVPFSV_0_model_1_model_2_ptm_ft4,A,IMDQVPFSP,IMDQVPFSV
165,V384Q,False,-3.450093074836122,TCR5_T00000_A0201_IMDQVPFSV_0_model_1_model_2_ptm_ft4,A,IMDQVPFSQ,IMDQVPFSV
166,V384R,False,-5.711884957620913,TCR5_T00000_A0201_IMDQVPFSV_0_model_1_model_2_ptm_ft4,A,IMDQVPFSR,IMDQVPFSV
167,V384S,False,-1.7254330908494089,TCR5_T00000_A0201_IMDQVPFSV_0_model_1_model_2_ptm_ft4,A,IMDQVPFSS,IMDQVPFSV
168,V384T,False,-0.3407592859738404,TCR5_T00000_A0201_IMDQVPFSV_0_model_1_model_2_ptm_ft4,A,IMDQVPFST,IMDQVPFSV
169,V384W,False,-6.374203613291984,TCR5_T00000_A0201_IMDQVPFSV_0_model_1_model_2_ptm_ft4,A,IMDQVPFSW,IMDQVPFSV
170,V384Y,False,-6.179214971296876,TCR5_T00000_A0201_IMDQVPFSV_0_model_1_model_2_ptm_ft4,A,IMDQVPFSY,IMDQVPFSV
171,I376I,True,-0.0,TCR5_T00000_A0201_IMDQVPFSV_0_model_1_model_2_ptm_ft4,A,IMDQVPFSV,IMDQVPFSV
