mutant,is_wt,-log10(EC50),wt_pdb,mt_pdb,mutant_chain,wt_seq,sequence,is_reliable,substitution_matrix_score
I1A,False,-9.210340371976184,af3_tcr6,,B,IMDQVPFSV,AMDQVPFSV,False,-5.287574981132023
I1C,False,-9.210340371976184,af3_tcr6,,B,IMDQVPFSV,CMDQVPFSV,False,-3.609796735529243
I1D,False,-8.385234182057669,af3_tcr6,,B,IMDQVPFSV,DMDQVPFSV,True,-11.07284940900755
I1E,False,-9.210340371976184,af3_tcr6,,B,IMDQVPFSV,EMDQVPFSV,False,-9.93862275896961
I1F,False,-6.562893947037196,af3_tcr6,,B,IMDQVPFSV,FMDQVPFSV,True,-5.3482526666590955
I1G,False,-9.210340371976184,af3_tcr6,,B,IMDQVPFSV,GMDQVPFSV,False,-9.338753823510922
I1H,False,0.0391848259347126,af3_tcr6,,B,IMDQVPFSV,HMDQVPFSV,True,-8.790891788166004
I1I,True,5.708640356854482,af3_tcr6,,B,IMDQVPFSV,IMDQVPFSV,True,0.0
I1K,False,-9.210340371976184,af3_tcr6,,B,IMDQVPFSV,KMDQVPFSV,False,-9.401132861352892
I1L,False,7.221469382361631,af3_tcr6,,B,IMDQVPFSV,LMDQVPFSV,True,-0.9168820667305412
I1M,False,1.3876833418470054,af3_tcr6,,B,IMDQVPFSV,MMDQVPFSV,True,-2.234460175971931
I1N,False,-9.210340371976184,af3_tcr6,,B,IMDQVPFSV,NMDQVPFSV,False,-9.578851100030663
I1P,False,-9.210340371976184,af3_tcr6,,B,IMDQVPFSV,PMDQVPFSV,False,-10.4594587842663
I1Q,False,-9.210340371976184,af3_tcr6,,B,IMDQVPFSV,QMDQVPFSV,False,-8.569324927015641
I1R,False,-9.210340371976184,af3_tcr6,,B,IMDQVPFSV,RMDQVPFSV,False,-9.60380258068956
I1S,False,-9.210340371976184,af3_tcr6,,B,IMDQVPFSV,SMDQVPFSV,False,-7.042146794266393
I1T,False,-9.210340371976184,af3_tcr6,,B,IMDQVPFSV,TMDQVPFSV,False,-5.069101322156581
I1V,False,-7.203843072290811,af3_tcr6,,B,IMDQVPFSV,VMDQVPFSV,True,-0.7149005891484997
I1W,False,-7.503861708310978,af3_tcr6,,B,IMDQVPFSV,WMDQVPFSV,True,-7.120277378143191
I1Y,False,-9.210340371976184,af3_tcr6,,B,IMDQVPFSV,YMDQVPFSV,False,-6.194005385847643
M2A,False,-0.6769408263689837,af3_tcr6,,B,IMDQVPFSV,IADQVPFSV,True,-4.709451886491528
M2C,False,-0.4809271282231531,af3_tcr6,,B,IMDQVPFSV,ICDQVPFSV,True,-4.804920734998789
M2D,False,-7.956024709359699,af3_tcr6,,B,IMDQVPFSV,IDDQVPFSV,True,-9.331429674784955
M2E,False,-7.609787431779157,af3_tcr6,,B,IMDQVPFSV,IEDQVPFSV,True,-7.9627558953165725
M2F,False,-0.0265463728475917,af3_tcr6,,B,IMDQVPFSV,IFDQVPFSV,True,-3.910000926335655
M2G,False,-6.543008145371603,af3_tcr6,,B,IMDQVPFSV,IGDQVPFSV,True,-8.605231281152383
M2H,False,-6.711344662092915,af3_tcr6,,B,IMDQVPFSV,IHDQVPFSV,True,-6.557207973559407
M2I,False,-1.202760472244302,af3_tcr6,,B,IMDQVPFSV,IIDQVPFSV,True,-2.234460175971931
M2K,False,-6.520664694928888,af3_tcr6,,B,IMDQVPFSV,IKDQVPFSV,True,-7.318426697404776
M2L,False,-0.7476118986855516,af3_tcr6,,B,IMDQVPFSV,ILDQVPFSV,True,-1.706026531134751
M2M,True,5.708640356854482,af3_tcr6,,B,IMDQVPFSV,IMDQVPFSV,True,0.0
M2N,False,-9.210340371976184,af3_tcr6,,B,IMDQVPFSV,INDQVPFSV,False,-7.781694348961095
M2P,False,-9.210340371976184,af3_tcr6,,B,IMDQVPFSV,IPDQVPFSV,False,-9.31144553586053
M2Q,False,-5.999372272259285,af3_tcr6,,B,IMDQVPFSV,IQDQVPFSV,True,-6.505803737707016
M2R,False,-5.82099857688318,af3_tcr6,,B,IMDQVPFSV,IRDQVPFSV,True,-7.449045677262714
M2S,False,0.6502938460239474,af3_tcr6,,B,IMDQVPFSV,ISDQVPFSV,True,-5.604048881547064
M2T,False,0.3828634667593878,af3_tcr6,,B,IMDQVPFSV,ITDQVPFSV,True,-3.8022989701449266
M2V,False,1.7372936744959415,af3_tcr6,,B,IMDQVPFSV,IVDQVPFSV,True,-2.0431917263232804
M2W,False,-9.210340371976184,af3_tcr6,,B,IMDQVPFSV,IWDQVPFSV,False,-5.615483656942405
M2Y,False,-8.081258791477994,af3_tcr6,,B,IMDQVPFSV,IYDQVPFSV,True,-4.350926772824042
D3A,False,-9.210340371976184,af3_tcr6,,B,IMDQVPFSV,IMAQVPFSV,False,-6.858666899068506
D3C,False,-6.411036697505632,af3_tcr6,,B,IMDQVPFSV,IMCQVPFSV,True,-10.612906903098432
D3D,True,5.708640356854482,af3_tcr6,,B,IMDQVPFSV,IMDQVPFSV,True,0.0
D3E,False,-9.210340371976184,af3_tcr6,,B,IMDQVPFSV,IMEQVPFSV,False,-2.2073726972863037
D3F,False,-9.210340371976184,af3_tcr6,,B,IMDQVPFSV,IMFQVPFSV,False,-10.981800176179599
D3G,False,-9.210340371976184,af3_tcr6,,B,IMDQVPFSV,IMGQVPFSV,False,-5.410986374502014
D3H,False,-9.112760086791177,af3_tcr6,,B,IMDQVPFSV,IMHQVPFSV,False,-6.160365957017682
D3I,False,-7.4868428639499935,af3_tcr6,,B,IMDQVPFSV,IMIQVPFSV,True,-11.07284940900755
D3K,False,-9.113024869548868,af3_tcr6,,B,IMDQVPFSV,IMKQVPFSV,False,-3.3568210278104593
D3L,False,-7.628822629367489,af3_tcr6,,B,IMDQVPFSV,IMLQVPFSV,True,-10.943125305182395
D3M,False,-8.338462493055458,af3_tcr6,,B,IMDQVPFSV,IMMQVPFSV,True,-9.331429674784955
D3N,False,-6.073031473461644,af3_tcr6,,B,IMDQVPFSV,IMNQVPFSV,True,-1.5731887789560899
D3P,False,-7.69237235130693,af3_tcr6,,B,IMDQVPFSV,IMPQVPFSV,True,-3.541769886738501
D3Q,False,-9.210340371976184,af3_tcr6,,B,IMDQVPFSV,IMQQVPFSV,False,-3.6321995942385272
D3R,False,-9.210340371976184,af3_tcr6,,B,IMDQVPFSV,IMRQVPFSV,False,-4.125556147119299
D3S,False,-9.210340371976184,af3_tcr6,,B,IMDQVPFSV,IMSQVPFSV,False,-4.194813374630591
D3T,False,-9.210340371976184,af3_tcr6,,B,IMDQVPFSV,IMTQVPFSV,False,-6.123211387738817
D3V,False,-9.210340371976184,af3_tcr6,,B,IMDQVPFSV,IMVQVPFSV,False,-10.462457242314292
D3W,False,-9.210340371976184,af3_tcr6,,B,IMDQVPFSV,IMWQVPFSV,False,-11.582790030932431
D3Y,False,-7.121217397276054,af3_tcr6,,B,IMDQVPFSV,IMYQVPFSV,True,-9.94271706482523
Q4A,False,-6.716082847628552,af3_tcr6,,B,IMDQVPFSV,IMDAVPFSV,True,-5.96092500006195
Q4C,False,0.6650549734249502,af3_tcr6,,B,IMDQVPFSV,IMDCVPFSV,True,-9.22876755094634
Q4D,False,-9.210340371976184,af3_tcr6,,B,IMDQVPFSV,IMDDVPFSV,False,-3.6321995942385272
Q4E,False,-9.210340371976184,af3_tcr6,,B,IMDQVPFSV,IMDEVPFSV,False,-1.6024308032067456
Q4F,False,-7.498282543337171,af3_tcr6,,B,IMDQVPFSV,IMDFVPFSV,True,-7.4504124864668855
Q4G,False,-8.89906576836204,af3_tcr6,,B,IMDQVPFSV,IMDGVPFSV,True,-6.849844582124883
Q4H,False,-4.900304261958902,af3_tcr6,,B,IMDQVPFSV,IMDHVPFSV,True,-2.7526237472532045
Q4I,False,-8.946439342519524,af3_tcr6,,B,IMDQVPFSV,IMDIVPFSV,True,-8.569324927015641
Q4K,False,-8.751710214219475,af3_tcr6,,B,IMDQVPFSV,IMDKVPFSV,True,-0.843068559055228
Q4L,False,-5.260394362307561,af3_tcr6,,B,IMDQVPFSV,IMDLVPFSV,True,-8.208621824427695
Q4M,False,8.0082465668941,af3_tcr6,,B,IMDQVPFSV,IMDMVPFSV,True,-6.505803737707016
Q4N,False,-9.210340371976184,af3_tcr6,,B,IMDQVPFSV,IMDNVPFSV,False,-2.2558324791172084
Q4P,False,-8.86964828580807,af3_tcr6,,B,IMDQVPFSV,IMDPVPFSV,True,-5.876658706110999
Q4Q,True,5.708640356854482,af3_tcr6,,B,IMDQVPFSV,IMDQVPFSV,True,0.0
Q4R,False,-9.210340371976184,af3_tcr6,,B,IMDQVPFSV,IMDRVPFSV,False,-1.4063655296564266
Q4S,False,-8.541267918261928,af3_tcr6,,B,IMDQVPFSV,IMDSVPFSV,True,-3.4618946935227064
Q4T,False,-9.210340371976184,af3_tcr6,,B,IMDQVPFSV,IMDTVPFSV,False,-4.497357176081819
Q4V,False,-1.1150703770784298,af3_tcr6,,B,IMDQVPFSV,IMDVVPFSV,True,-8.088323257269053
Q4W,False,-1.2479914142066002,af3_tcr6,,B,IMDQVPFSV,IMDWVPFSV,True,-7.956101872064475
Q4Y,False,-8.736777880006622,af3_tcr6,,B,IMDQVPFSV,IMDYVPFSV,True,-6.3360736873501935
V5A,False,-0.5427846243779127,af3_tcr6,,B,IMDQVPFSV,IMDQAPFSV,True,-4.573483349970818
V5C,False,-0.3921457834713946,af3_tcr6,,B,IMDQVPFSV,IMDQCPFSV,True,-3.124048817228584
V5D,False,-7.069515765426783,af3_tcr6,,B,IMDQVPFSV,IMDQDPFSV,True,-10.462457242314292
V5E,False,-0.5535144705725605,af3_tcr6,,B,IMDQVPFSV,IMDQEPFSV,True,-9.408630590313022
V5F,False,-9.210340371976184,af3_tcr6,,B,IMDQVPFSV,IMDQFPFSV,False,-5.581006381543492
V5G,False,-6.080414619190947,af3_tcr6,,B,IMDQVPFSV,IMDQGPFSV,True,-8.624023017473489
V5H,False,-8.917174324143728,af3_tcr6,,B,IMDQVPFSV,IMDQHPFSV,True,-8.503081322149713
V5I,False,6.063381172781849,af3_tcr6,,B,IMDQVPFSV,IMDQIPFSV,True,-0.7149005891484997
V5K,False,-0.1851356999871144,af3_tcr6,,B,IMDQVPFSV,IMDQKPFSV,True,-8.926949401129649
V5L,False,-0.7068529261295606,af3_tcr6,,B,IMDQVPFSV,IMDQLPFSV,True,-1.3409264240426382
V5M,False,-3.618969975921964,af3_tcr6,,B,IMDQVPFSV,IMDQMPFSV,True,-2.0431917263232804
V5N,False,-6.754080937590858,af3_tcr6,,B,IMDQVPFSV,IMDQNPFSV,True,-8.988713876632943
V5P,False,-0.5645317718230428,af3_tcr6,,B,IMDQVPFSV,IMDQPPFSV,True,-9.760599201522258
V5Q,False,-1.135951134376162,af3_tcr6,,B,IMDQVPFSV,IMDQQPFSV,True,-8.088323257269053
V5R,False,-7.569834285066594,af3_tcr6,,B,IMDQVPFSV,IMDQRPFSV,True,-9.180357465640842
V5S,False,-0.3649993540824358,af3_tcr6,,B,IMDQVPFSV,IMDQSPFSV,True,-6.3893843494236595
V5T,False,-0.9223938900594963,af3_tcr6,,B,IMDQVPFSV,IMDQTPFSV,True,-4.410060771483332
V5V,True,5.708640356854482,af3_tcr6,,B,IMDQVPFSV,IMDQVPFSV,True,0.0
V5W,False,-5.851380553796902,af3_tcr6,,B,IMDQVPFSV,IMDQWPFSV,True,-7.349765799987526
V5Y,False,-9.210340371976184,af3_tcr6,,B,IMDQVPFSV,IMDQYPFSV,False,-6.2779448590733224
P6A,False,-9.210340371976184,af3_tcr6,,B,IMDQVPFSV,IMDQVAFSV,False,-5.307824326502934
P6C,False,-8.756138357924756,af3_tcr6,,B,IMDQVPFSV,IMDQVCFSV,True,-8.871919951434778
P6D,False,-9.210340371976184,af3_tcr6,,B,IMDQVPFSV,IMDQVDFSV,False,-3.541769886738501
P6E,False,-6.335002371108858,af3_tcr6,,B,IMDQVPFSV,IMDQVEFSV,True,-5.133917401663634
P6F,False,-9.210340371976184,af3_tcr6,,B,IMDQVPFSV,IMDQVFFSV,False,-12.04888386013437
P6G,False,-9.210340371976184,af3_tcr6,,B,IMDQVPFSV,IMDQVGFSV,False,-2.1336864685786554
P6H,False,-9.210340371976184,af3_tcr6,,B,IMDQVPFSV,IMDQVHFSV,False,-8.625330025655463
P6I,False,-9.210340371976184,af3_tcr6,,B,IMDQVPFSV,IMDQVIFSV,False,-10.4594587842663
P6K,False,-8.560384145356647,af3_tcr6,,B,IMDQVPFSV,IMDQVKFSV,True,-6.066093946206223
P6L,False,-9.210340371976184,af3_tcr6,,B,IMDQVPFSV,IMDQVLFSV,False,-10.628485573776425
P6M,False,-9.210340371976184,af3_tcr6,,B,IMDQVPFSV,IMDQVMFSV,False,-9.31144553586053
P6N,False,-9.210340371976184,af3_tcr6,,B,IMDQVPFSV,IMDQVNFSV,False,-3.8190489015448565
P6P,True,5.708640356854482,af3_tcr6,,B,IMDQVPFSV,IMDQVPFSV,True,0.0
P6Q,False,-9.210340371976184,af3_tcr6,,B,IMDQVPFSV,IMDQVQFSV,False,-5.876658706110999
P6R,False,-9.210340371976184,af3_tcr6,,B,IMDQVPFSV,IMDQVRFSV,False,-6.941611570958817
P6S,False,-8.964105167587347,af3_tcr6,,B,IMDQVPFSV,IMDQVSFSV,True,-3.799825059499118
P6T,False,-8.67338953441469,af3_tcr6,,B,IMDQVPFSV,IMDQVTFSV,True,-5.521921344947621
P6V,False,-9.210340371976184,af3_tcr6,,B,IMDQVPFSV,IMDQVVFSV,False,-9.760599201522258
P6W,False,-9.210340371976184,af3_tcr6,,B,IMDQVPFSV,IMDQVWFSV,False,-13.084866061501023
P6Y,False,-9.210340371976184,af3_tcr6,,B,IMDQVPFSV,IMDQVYFSV,False,-11.363260737036889
F7A,False,1.422546319295116,af3_tcr6,,B,IMDQVPFSV,IMDQVPASV,True,-8.316884322665505
F7C,False,-8.069774358463203,af3_tcr6,,B,IMDQVPFSV,IMDQVPCSV,True,-8.630471802181635
F7D,False,-6.96910965270176,af3_tcr6,,B,IMDQVPFSV,IMDQVPDSV,True,-10.981800176179599
F7E,False,-0.359575516554131,af3_tcr6,,B,IMDQVPFSV,IMDQVPESV,True,-9.049248081592172
F7F,True,5.708640356854482,af3_tcr6,,B,IMDQVPFSV,IMDQVPFSV,True,0.0
F7G,False,-9.210340371976184,af3_tcr6,,B,IMDQVPFSV,IMDQVPGSV,False,-11.846828489539009
F7H,False,2.858281656584767,af3_tcr6,,B,IMDQVPFSV,IMDQVPHSV,True,-5.937026904981663
F7I,False,-7.171702714185919,af3_tcr6,,B,IMDQVPFSV,IMDQVPISV,True,-5.3482526666590955
F7K,False,-9.210340371976184,af3_tcr6,,B,IMDQVPFSV,IMDQVPKSV,False,-8.038690415955843
F7L,False,-9.210340371976184,af3_tcr6,,B,IMDQVPFSV,IMDQVPLSV,False,-4.434763767762229
F7M,False,-7.393217411629022,af3_tcr6,,B,IMDQVPFSV,IMDQVPMSV,True,-3.910000926335655
F7N,False,-6.807792634986562,af3_tcr6,,B,IMDQVPFSV,IMDQVPNSV,True,-9.44307888557397
F7P,False,4.508409930561217,af3_tcr6,,B,IMDQVPFSV,IMDQVPPSV,True,-12.04888386013437
F7Q,False,-8.66202813703757,af3_tcr6,,B,IMDQVPFSV,IMDQVPQSV,True,-7.4504124864668855
F7R,False,-9.210340371976184,af3_tcr6,,B,IMDQVPFSV,IMDQVPRSV,False,-7.726353684727768
F7S,False,0.4444662863416862,af3_tcr6,,B,IMDQVPFSV,IMDQVPSSV,True,-8.273389470312676
F7T,False,0.1832609654287078,af3_tcr6,,B,IMDQVPFSV,IMDQVPTSV,True,-6.989589334998694
F7V,False,-8.025556301915106,af3_tcr6,,B,IMDQVPFSV,IMDQVPVSV,True,-5.581006381543492
F7W,False,6.015638498499742,af3_tcr6,,B,IMDQVPFSV,IMDQVPWSV,True,-1.7732200005198253
F7Y,False,7.831948706890353,af3_tcr6,,B,IMDQVPFSV,IMDQVPYSV,True,-1.4664550890160293
S8A,False,6.855829409348944,af3_tcr6,,B,IMDQVPFSV,IMDQVPFAV,True,-2.7768641441391444
S8C,False,6.986721491232552,af3_tcr6,,B,IMDQVPFSV,IMDQVPFCV,True,-6.459557371202782
S8D,False,4.9749417090359564,af3_tcr6,,B,IMDQVPFSV,IMDQVPFDV,True,-4.194813374630591
S8E,False,6.782341273767769,af3_tcr6,,B,IMDQVPFSV,IMDQVPFEV,True,-3.8943536035377697
S8F,False,5.574442698142459,af3_tcr6,,B,IMDQVPFSV,IMDQVPFFV,True,-8.273389470312676
S8G,False,5.639047729570141,af3_tcr6,,B,IMDQVPFSV,IMDQVPFGV,True,-3.8149127037464723
S8H,False,5.487810156300486,af3_tcr6,,B,IMDQVPFSV,IMDQVPFHV,True,-5.8134337062799055
S8I,False,5.098310012403979,af3_tcr6,,B,IMDQVPFSV,IMDQVPFIV,True,-7.042146794266393
S8K,False,4.801593668259617,af3_tcr6,,B,IMDQVPFSV,IMDQVPFKV,True,-4.118533574677532
S8L,False,5.7991965894478925,af3_tcr6,,B,IMDQVPFSV,IMDQVPFLV,True,-7.0547080789185435
S8M,False,5.529352924992971,af3_tcr6,,B,IMDQVPFSV,IMDQVPFMV,True,-5.604048881547064
S8N,False,5.027808157191204,af3_tcr6,,B,IMDQVPFSV,IMDQVPFNV,True,-2.9331098323975704
S8P,False,5.94796662364713,af3_tcr6,,B,IMDQVPFSV,IMDQVPFPV,True,-3.799825059499118
S8Q,False,5.431398783809057,af3_tcr6,,B,IMDQVPFSV,IMDQVPFQV,True,-3.4618946935227064
S8R,False,5.229537556120235,af3_tcr6,,B,IMDQVPFSV,IMDQVPFRV,True,-4.860552637259271
S8S,True,5.708640356854482,af3_tcr6,,B,IMDQVPFSV,IMDQVPFSV,True,0.0
S8T,False,5.566504592322532,af3_tcr6,,B,IMDQVPFSV,IMDQVPFTV,True,-1.9807227383836576
S8V,False,5.733497762727256,af3_tcr6,,B,IMDQVPFSV,IMDQVPFVV,True,-6.3893843494236595
S8W,False,4.616103425549849,af3_tcr6,,B,IMDQVPFSV,IMDQVPFWV,True,-9.400205949574959
S8Y,False,5.334190710810204,af3_tcr6,,B,IMDQVPFSV,IMDQVPFYV,True,-7.681563828806445
V9A,False,4.618579673510578,af3_tcr6,,B,IMDQVPFSV,IMDQVPFSA,True,-4.573483349970818
V9C,False,4.793788026896335,af3_tcr6,,B,IMDQVPFSV,IMDQVPFSC,True,-3.124048817228584
V9D,False,-9.210340371976184,af3_tcr6,,B,IMDQVPFSV,IMDQVPFSD,False,-10.462457242314292
V9E,False,-7.114540393764365,af3_tcr6,,B,IMDQVPFSV,IMDQVPFSE,True,-9.408630590313022
V9F,False,-9.210340371976184,af3_tcr6,,B,IMDQVPFSV,IMDQVPFSF,False,-5.581006381543492
V9G,False,0.3764828861515489,af3_tcr6,,B,IMDQVPFSV,IMDQVPFSG,True,-8.624023017473489
V9H,False,2.8499846121350387,af3_tcr6,,B,IMDQVPFSV,IMDQVPFSH,True,-8.503081322149713
V9I,False,5.504804721930756,af3_tcr6,,B,IMDQVPFSV,IMDQVPFSI,True,-0.7149005891484997
V9K,False,-6.872116397701088,af3_tcr6,,B,IMDQVPFSV,IMDQVPFSK,True,-8.926949401129649
V9L,False,4.459404674404666,af3_tcr6,,B,IMDQVPFSV,IMDQVPFSL,True,-1.3409264240426382
V9M,False,2.1229023387684847,af3_tcr6,,B,IMDQVPFSV,IMDQVPFSM,True,-2.0431917263232804
V9N,False,-6.98298718313039,af3_tcr6,,B,IMDQVPFSV,IMDQVPFSN,True,-8.988713876632943
V9P,False,-7.321257070942069,af3_tcr6,,B,IMDQVPFSV,IMDQVPFSP,True,-9.760599201522258
V9Q,False,-7.474229663192025,af3_tcr6,,B,IMDQVPFSV,IMDQVPFSQ,True,-8.088323257269053
V9R,False,-9.210340371976184,af3_tcr6,,B,IMDQVPFSV,IMDQVPFSR,False,-9.180357465640842
V9S,False,0.2273163388012035,af3_tcr6,,B,IMDQVPFSV,IMDQVPFSS,True,-6.3893843494236595
V9T,False,0.8316115706859387,af3_tcr6,,B,IMDQVPFSV,IMDQVPFST,True,-4.410060771483332
V9V,True,5.708640356854482,af3_tcr6,,B,IMDQVPFSV,IMDQVPFSV,True,0.0
V9W,False,-9.171955654550477,af3_tcr6,,B,IMDQVPFSV,IMDQVPFSW,False,-7.349765799987526
V9Y,False,-9.210340371976184,af3_tcr6,,B,IMDQVPFSV,IMDQVPFSY,False,-6.2779448590733224
