Unnamed: 0,mutant,is_wt,- delta log_ec50_M,wt_pdb,mutant_chain,substitution_matrix_score
0,A7C,False,-4.666509050568832,5d2n-filtered,I,-7.0
1,A7D,False,-4.976856177103198,5d2n-filtered,I,-9.0
2,A7E,False,-4.916136087129086,5d2n-filtered,I,-7.0
3,A7F,False,-6.6776933640448,5d2n-filtered,I,-9.0
4,A7G,False,-0.8246133948357794,5d2n-filtered,I,-6.0
5,A7H,False,-5.260216596982402,5d2n-filtered,I,-8.0
6,A7I,False,-6.220943353906179,5d2n-filtered,I,-8.0
7,A7K,False,-4.39664198401721,5d2n-filtered,I,-7.0
8,A7L,False,-6.741786792350811,5d2n-filtered,I,-8.0
9,A7M,False,-6.117044533283805,5d2n-filtered,I,-7.0
10,A7N,False,-5.509843633542655,5d2n-filtered,I,-8.0
11,A7P,False,-2.422818941984575,5d2n-filtered,I,-7.0
12,A7Q,False,-4.457362073991328,5d2n-filtered,I,-7.0
13,A7R,False,-6.494858426456076,5d2n-filtered,I,-8.0
14,A7S,False,-2.356479058676773,5d2n-filtered,I,-4.0
15,A7T,False,-6.2593994108897855,5d2n-filtered,I,-6.0
16,A7V,False,-6.824770915315435,5d2n-filtered,I,-6.0
17,A7W,False,-6.612925268072411,5d2n-filtered,I,-10.0
18,A7Y,False,-6.664200010717219,5d2n-filtered,I,-9.0
19,L2A,False,-4.076628550959605,5d2n-filtered,I,-8.0
20,L2C,False,-1.4646011738118627,5d2n-filtered,I,-8.0
21,L2D,False,-1.6966155412793942,5d2n-filtered,I,-11.0
22,L2E,False,-1.647576803005807,5d2n-filtered,I,-10.0
23,L2F,False,-1.6866897243902343,5d2n-filtered,I,-5.0
24,L2G,False,-3.534840784026517,5d2n-filtered,I,-11.0
25,L2H,False,-1.7045560706154372,5d2n-filtered,I,-10.0
26,L2I,False,0.0328983417147732,5d2n-filtered,I,-4.0
27,L2K,False,-3.6229156681630954,5d2n-filtered,I,-10.0
28,L2M,False,0.743166348673876,5d2n-filtered,I,-3.0
29,L2N,False,-0.7294469226758409,5d2n-filtered,I,-11.0
30,L2P,False,-1.434010048032018,5d2n-filtered,I,-10.0
31,L2Q,False,0.0936671156154407,5d2n-filtered,I,-9.0
32,L2R,False,-4.875656027146344,5d2n-filtered,I,-9.0
33,L2S,False,-4.117691493148801,5d2n-filtered,I,-10.0
34,L2T,False,-2.6498280263108924,5d2n-filtered,I,-8.0
35,L2V,False,0.3548441031145497,5d2n-filtered,I,-5.0
36,L2W,False,-2.970245436444543,5d2n-filtered,I,-8.0
37,L2Y,False,-5.006705881520894,5d2n-filtered,I,-8.0
38,M5A,False,-6.274916767216503,5d2n-filtered,I,-9.0
39,M5C,False,-6.489461085125043,5d2n-filtered,I,-10.0
40,M5D,False,-6.3052768122035605,5d2n-filtered,I,-13.0
41,M5E,False,-4.254961774077608,5d2n-filtered,I,-11.0
42,M5F,False,-6.804530885324063,5d2n-filtered,I,-8.0
43,M5G,False,-4.3328830777557945,5d2n-filtered,I,-12.0
44,M5H,False,-6.799808211659409,5d2n-filtered,I,-10.0
45,M5I,False,-6.41322363882421,5d2n-filtered,I,-6.0
46,M5K,False,-6.728968106689608,5d2n-filtered,I,-10.0
47,M5L,False,-2.032636883384328,5d2n-filtered,I,-5.0
48,M5N,False,-4.754215847198113,5d2n-filtered,I,-11.0
49,M5P,False,-6.6979333940361725,5d2n-filtered,I,-12.0
50,M5Q,False,-6.541410495436232,5d2n-filtered,I,-9.0
51,M5R,False,-4.38989530735342,5d2n-filtered,I,-10.0
52,M5S,False,-6.669597352048251,5d2n-filtered,I,-10.0
53,M5T,False,-6.486087746793149,5d2n-filtered,I,-9.0
54,M5V,False,-6.803856217657684,5d2n-filtered,I,-7.0
55,M5W,False,-5.590803753508144,5d2n-filtered,I,-10.0
56,M5Y,False,-6.579866552419837,5d2n-filtered,I,-9.0
57,N1A,False,0.273687915479293,5d2n-filtered,I,-10.0
58,N1C,False,0.6254838071574191,5d2n-filtered,I,-12.0
59,N1D,False,-3.694508909992731,5d2n-filtered,I,-6.0
60,N1E,False,-1.102921952372247,5d2n-filtered,I,-8.0
61,N1F,False,0.1346128515661497,5d2n-filtered,I,-12.0
62,N1G,False,0.089406298666395,5d2n-filtered,I,-9.0
63,N1H,False,0.007789467643489,5d2n-filtered,I,-7.0
64,N1I,False,0.2750762470181804,5d2n-filtered,I,-13.0
65,N1K,False,0.1871663185120127,5d2n-filtered,I,-8.0
66,N1L,False,0.1746167988874027,5d2n-filtered,I,-13.0
67,N1M,False,0.6399077663625423,5d2n-filtered,I,-11.0
68,N1P,False,-0.9909901277454178,5d2n-filtered,I,-11.0
69,N1Q,False,1.054412751405689,5d2n-filtered,I,-8.0
70,N1R,False,-0.0003595079432336,5d2n-filtered,I,-9.0
71,N1S,False,0.6557976280543087,5d2n-filtered,I,-7.0
72,N1T,False,0.7200047613115466,5d2n-filtered,I,-8.0
73,N1V,False,0.5862342428109866,5d2n-filtered,I,-12.0
74,N1W,False,0.7154003200695165,5d2n-filtered,I,-14.0
75,N1Y,False,0.2224868814904308,5d2n-filtered,I,-11.0
76,P4A,False,-1.127153315732393,5d2n-filtered,I,-12.0
77,P4C,False,0.2152935409168925,5d2n-filtered,I,-15.0
78,P4D,False,-0.5338181491057306,5d2n-filtered,I,-13.0
79,P4E,False,-2.1849322060026277,5d2n-filtered,I,-13.0
80,P4F,False,-1.0403568911266028,5d2n-filtered,I,-16.0
81,P4G,False,0.8656956038833705,5d2n-filtered,I,-14.0
82,P4H,False,-0.6886334949714215,5d2n-filtered,I,-14.0
83,P4I,False,-4.486656999013484,5d2n-filtered,I,-15.0
84,P4K,False,-2.3473520848243155,5d2n-filtered,I,-13.0
85,P4L,False,-2.317881272045171,5d2n-filtered,I,-15.0
86,P4M,False,-1.0531225546271346,5d2n-filtered,I,-15.0
87,P4N,False,-0.8753802786768698,5d2n-filtered,I,-14.0
88,P4Q,False,-0.9798840219083872,5d2n-filtered,I,-13.0
89,P4R,False,-4.362908600698258,5d2n-filtered,I,-14.0
90,P4S,False,-0.6001451504669593,5d2n-filtered,I,-12.0
91,P4T,False,-0.9118266910587512,5d2n-filtered,I,-13.0
92,P4V,False,-3.569507600420934,5d2n-filtered,I,-15.0
93,P4W,False,-0.2795217248314809,5d2n-filtered,I,-16.0
94,P4Y,False,-1.306403393790834,5d2n-filtered,I,-15.0
95,T8A,False,-0.4278709970543151,5d2n-filtered,I,-7.0
96,T8C,False,-0.7924986318972458,5d2n-filtered,I,-8.0
97,T8D,False,-2.224231148818692,5d2n-filtered,I,-9.0
98,T8E,False,-4.929629440456666,5d2n-filtered,I,-8.0
99,T8F,False,-6.773496172670626,5d2n-filtered,I,-10.0
100,T8G,False,-4.841922643827386,5d2n-filtered,I,-9.0
101,T8H,False,-6.596733244079314,5d2n-filtered,I,-10.0
102,T8I,False,0.9555467467015112,5d2n-filtered,I,-8.0
103,T8K,False,-1.241446541918842,5d2n-filtered,I,-8.0
104,T8L,False,-6.747184133681843,5d2n-filtered,I,-9.0
105,T8M,False,-0.3330400205324082,5d2n-filtered,I,-8.0
106,T8N,False,-6.777544178668901,5d2n-filtered,I,-7.0
107,T8P,False,-6.805880220656821,5d2n-filtered,I,-9.0
108,T8Q,False,-6.805205552990442,5d2n-filtered,I,-8.0
109,T8R,False,-0.7637085736298381,5d2n-filtered,I,-9.0
110,T8S,False,-0.4517654342613042,5d2n-filtered,I,-5.0
111,T8V,False,-0.1883323238072858,5d2n-filtered,I,-7.0
112,T8W,False,-1.0567531150960994,5d2n-filtered,I,-11.0
113,T8Y,False,-6.669597352048251,5d2n-filtered,I,-9.0
114,V3A,False,0.346908567729546,5d2n-filtered,I,-6.0
115,V3C,False,-0.7882959993684509,5d2n-filtered,I,-7.0
116,V3D,False,-6.813301564986991,5d2n-filtered,I,-11.0
117,V3E,False,-5.172509800353129,5d2n-filtered,I,-10.0
118,V3F,False,-6.800482879325788,5d2n-filtered,I,-7.0
119,V3G,False,-4.551815547284392,5d2n-filtered,I,-11.0
120,V3H,False,-4.2752018040689785,5d2n-filtered,I,-11.0
121,V3I,False,0.7124368016856231,5d2n-filtered,I,-2.0
122,V3K,False,-5.469363573559914,5d2n-filtered,I,-9.0
123,V3L,False,0.5217388596652288,5d2n-filtered,I,-5.0
124,V3M,False,-0.5590579593461875,5d2n-filtered,I,-5.0
125,V3N,False,-1.294687980264822,5d2n-filtered,I,-10.0
126,V3P,False,-1.5791251658474137,5d2n-filtered,I,-10.0
127,V3Q,False,-2.279145551634437,5d2n-filtered,I,-9.0
128,V3R,False,-4.699696997079552,5d2n-filtered,I,-10.0
129,V3S,False,-1.936746374461321,5d2n-filtered,I,-8.0
130,V3T,False,-1.2932107510881554,5d2n-filtered,I,-6.0
131,V3W,False,-4.450615397327538,5d2n-filtered,I,-10.0
132,V3Y,False,-6.778893514001659,5d2n-filtered,I,-8.0
133,V6A,False,-1.7242683934423877,5d2n-filtered,I,-6.0
134,V6C,False,-2.066072689784733,5d2n-filtered,I,-7.0
135,V6D,False,-6.063071119973483,5d2n-filtered,I,-11.0
136,V6E,False,-6.786314858331828,5d2n-filtered,I,-10.0
137,V6F,False,-5.988857676671789,5d2n-filtered,I,-7.0
138,V6G,False,-4.57880225393956,5d2n-filtered,I,-11.0
139,V6H,False,-6.768773499005974,5d2n-filtered,I,-11.0
140,V6I,False,-0.0481588484276294,5d2n-filtered,I,-2.0
141,V6K,False,-6.785640190665449,5d2n-filtered,I,-9.0
142,V6L,False,-1.423731918757733,5d2n-filtered,I,-5.0
143,V6M,False,-2.138219556292972,5d2n-filtered,I,-5.0
144,V6N,False,-3.324514357298166,5d2n-filtered,I,-10.0
145,V6P,False,-4.484649619148984,5d2n-filtered,I,-10.0
146,V6Q,False,-4.895896057137716,5d2n-filtered,I,-9.0
147,V6R,False,-4.345547765488101,5d2n-filtered,I,-10.0
148,V6S,False,-5.273709950309989,5d2n-filtered,I,-8.0
149,V6T,False,-0.7829152922653417,5d2n-filtered,I,-6.0
150,V6W,False,-6.61359993573879,5d2n-filtered,I,-10.0
151,V6Y,False,-6.615623938737928,5d2n-filtered,I,-8.0
152,V9A,False,-4.151008005139044,5d2n-filtered,I,-6.0
153,V9C,False,-1.3815229085209315,5d2n-filtered,I,-7.0
154,V9D,False,-4.693495757223994,5d2n-filtered,I,-11.0
155,V9E,False,-4.410135337344791,5d2n-filtered,I,-10.0
156,V9F,False,-4.227975067422447,5d2n-filtered,I,-7.0
157,V9G,False,-1.6821513981101592,5d2n-filtered,I,-11.0
158,V9H,False,-6.533314483439682,5d2n-filtered,I,-11.0
159,V9I,False,0.7904266207242436,5d2n-filtered,I,-2.0
160,V9K,False,-6.036084413318321,5d2n-filtered,I,-9.0
161,V9L,False,-3.885891608093199,5d2n-filtered,I,-5.0
162,V9M,False,-3.080093883872965,5d2n-filtered,I,-5.0
163,V9N,False,-2.282639948540836,5d2n-filtered,I,-10.0
164,V9P,False,-3.704815469484382,5d2n-filtered,I,-10.0
165,V9Q,False,-2.988895856971295,5d2n-filtered,I,-9.0
166,V9R,False,-4.787949230517064,5d2n-filtered,I,-10.0
167,V9S,False,-5.049946980779287,5d2n-filtered,I,-8.0
168,V9T,False,-4.270787420245919,5d2n-filtered,I,-6.0
169,V9W,False,-3.48199355091922,5d2n-filtered,I,-10.0
170,V9Y,False,-3.191060747065636,5d2n-filtered,I,-8.0
171,N1N,True,-0.0,5d2n-filtered,I,0.0
