mutant,is_wt,-log10(EC50),wt_pdb,mt_pdb,mutant_chain,wt_seq,sequence,is_reliable,pnlogp
I1A,False,7.144313509169156,fold_tcr5_no_template_model_1,,B,IMDQVPFSV,AMDQVPFSV,True,-15.289869844913483
I1C,False,6.837443756405795,fold_tcr5_no_template_model_1,,B,IMDQVPFSV,CMDQVPFSV,True,-16.25808046758175
I1D,False,1.9163132300113928,fold_tcr5_no_template_model_1,,B,IMDQVPFSV,DMDQVPFSV,True,-16.13934637606144
I1E,False,6.101974181311306,fold_tcr5_no_template_model_1,,B,IMDQVPFSV,EMDQVPFSV,True,-16.453460574150085
I1F,False,7.383725199769381,fold_tcr5_no_template_model_1,,B,IMDQVPFSV,FMDQVPFSV,True,-16.629299491643906
I1G,False,7.145168640805977,fold_tcr5_no_template_model_1,,B,IMDQVPFSV,GMDQVPFSV,True,-15.87917497754097
I1H,False,7.243287141172439,fold_tcr5_no_template_model_1,,B,IMDQVPFSV,HMDQVPFSV,True,-15.830206871032715
I1I,True,7.034992041367751,fold_tcr5_no_template_model_1,,B,IMDQVPFSV,IMDQVPFSV,True,-15.580557763576508
I1K,False,7.102494875129112,fold_tcr5_no_template_model_1,,B,IMDQVPFSV,KMDQVPFSV,True,-15.34110215306282
I1L,False,7.22075197296185,fold_tcr5_no_template_model_1,,B,IMDQVPFSV,LMDQVPFSV,True,-16.726572632789612
I1M,False,7.489520239738662,fold_tcr5_no_template_model_1,,B,IMDQVPFSV,MMDQVPFSV,True,-12.088613241910934
I1N,False,7.406031462674806,fold_tcr5_no_template_model_1,,B,IMDQVPFSV,NMDQVPFSV,True,-16.587694436311722
I1P,False,0.7134891375775023,fold_tcr5_no_template_model_1,,B,IMDQVPFSV,PMDQVPFSV,True,-14.112187966704369
I1Q,False,7.032922461040126,fold_tcr5_no_template_model_1,,B,IMDQVPFSV,QMDQVPFSV,True,-16.186647206544876
I1R,False,7.175219286265661,fold_tcr5_no_template_model_1,,B,IMDQVPFSV,RMDQVPFSV,True,-14.713951855897903
I1S,False,6.828175753980077,fold_tcr5_no_template_model_1,,B,IMDQVPFSV,SMDQVPFSV,True,-15.033539712429047
I1T,False,6.844334962869528,fold_tcr5_no_template_model_1,,B,IMDQVPFSV,TMDQVPFSV,True,-14.882999539375305
I1V,False,7.39392610599939,fold_tcr5_no_template_model_1,,B,IMDQVPFSV,VMDQVPFSV,True,-15.231674134731293
I1W,False,7.4125881838706755,fold_tcr5_no_template_model_1,,B,IMDQVPFSV,WMDQVPFSV,True,-16.412841334939003
I1Y,False,7.423761028218989,fold_tcr5_no_template_model_1,,B,IMDQVPFSV,YMDQVPFSV,True,-16.665949940681458
M2A,False,-2.15242843098995,fold_tcr5_no_template_model_1,,B,IMDQVPFSV,IADQVPFSV,True,-18.18504585325718
M2C,False,8.973030484059528,fold_tcr5_no_template_model_1,,B,IMDQVPFSV,ICDQVPFSV,True,-17.968934416770935
M2D,False,0.1760377765005366,fold_tcr5_no_template_model_1,,B,IMDQVPFSV,IDDQVPFSV,True,-18.76511526107788
M2E,False,3.962439532222013,fold_tcr5_no_template_model_1,,B,IMDQVPFSV,IEDQVPFSV,True,-18.68925365805626
M2F,False,2.6952880250163838,fold_tcr5_no_template_model_1,,B,IMDQVPFSV,IFDQVPFSV,True,-15.600348815321922
M2G,False,4.596401443337833,fold_tcr5_no_template_model_1,,B,IMDQVPFSV,IGDQVPFSV,True,-18.353382274508476
M2H,False,-4.60316167144197,fold_tcr5_no_template_model_1,,B,IMDQVPFSV,IHDQVPFSV,True,-18.181201443076134
M2I,False,5.243239883968731,fold_tcr5_no_template_model_1,,B,IMDQVPFSV,IIDQVPFSV,True,-18.69915822148323
M2K,False,-5.139521280161761,fold_tcr5_no_template_model_1,,B,IMDQVPFSV,IKDQVPFSV,True,-18.48113602399826
M2L,False,7.131057383681225,fold_tcr5_no_template_model_1,,B,IMDQVPFSV,ILDQVPFSV,True,-15.539252638816833
M2M,True,7.034992041367751,fold_tcr5_no_template_model_1,,B,IMDQVPFSV,IMDQVPFSV,True,-15.575315371155739
M2N,False,2.0798832682574755,fold_tcr5_no_template_model_1,,B,IMDQVPFSV,INDQVPFSV,True,-17.522981762886047
M2P,False,-5.587386504892924,fold_tcr5_no_template_model_1,,B,IMDQVPFSV,IPDQVPFSV,True,-18.602602690458298
M2Q,False,7.369777298507262,fold_tcr5_no_template_model_1,,B,IMDQVPFSV,IQDQVPFSV,True,-18.034599795937538
M2R,False,-4.597746723386759,fold_tcr5_no_template_model_1,,B,IMDQVPFSV,IRDQVPFSV,True,-18.71118812263012
M2S,False,6.492469269305217,fold_tcr5_no_template_model_1,,B,IMDQVPFSV,ISDQVPFSV,True,-17.154055684804916
M2T,False,7.279705663002645,fold_tcr5_no_template_model_1,,B,IMDQVPFSV,ITDQVPFSV,True,-14.087300449609756
M2V,False,7.9299446820127635,fold_tcr5_no_template_model_1,,B,IMDQVPFSV,IVDQVPFSV,True,-17.57784827053547
M2W,False,-0.7511541071796825,fold_tcr5_no_template_model_1,,B,IMDQVPFSV,IWDQVPFSV,True,-18.225961908698082
M2Y,False,0.0336726620733855,fold_tcr5_no_template_model_1,,B,IMDQVPFSV,IYDQVPFSV,True,-17.60265016555786
D3A,False,-5.766327633527996,fold_tcr5_no_template_model_1,,B,IMDQVPFSV,IMAQVPFSV,True,-14.403316155076027
D3C,False,-1.259626361854358,fold_tcr5_no_template_model_1,,B,IMDQVPFSV,IMCQVPFSV,True,-16.581431984901428
D3D,True,7.034992041367751,fold_tcr5_no_template_model_1,,B,IMDQVPFSV,IMDQVPFSV,True,-15.56272166967392
D3E,False,-6.834436384497365,fold_tcr5_no_template_model_1,,B,IMDQVPFSV,IMEQVPFSV,True,-16.378666579723358
D3F,False,-6.235585668862391,fold_tcr5_no_template_model_1,,B,IMDQVPFSV,IMFQVPFSV,True,-17.05662213265896
D3G,False,-5.358735072088343,fold_tcr5_no_template_model_1,,B,IMDQVPFSV,IMGQVPFSV,True,-16.621456384658813
D3H,False,-1.290275114599628,fold_tcr5_no_template_model_1,,B,IMDQVPFSV,IMHQVPFSV,True,-15.923499330878258
D3I,False,2.201782664185922,fold_tcr5_no_template_model_1,,B,IMDQVPFSV,IMIQVPFSV,True,-17.699860095977783
D3K,False,0.0503109366446062,fold_tcr5_no_template_model_1,,B,IMDQVPFSV,IMKQVPFSV,True,-16.860204875469208
D3L,False,-0.4728262307832719,fold_tcr5_no_template_model_1,,B,IMDQVPFSV,IMLQVPFSV,True,-18.031863123178482
D3M,False,-0.6810388871700891,fold_tcr5_no_template_model_1,,B,IMDQVPFSV,IMMQVPFSV,True,-14.143828585743904
D3N,False,4.008419157165773,fold_tcr5_no_template_model_1,,B,IMDQVPFSV,IMNQVPFSV,True,-16.22365002334118
D3P,False,4.367202515131981,fold_tcr5_no_template_model_1,,B,IMDQVPFSV,IMPQVPFSV,True,-16.174820765852928
D3Q,False,-1.843714798085327,fold_tcr5_no_template_model_1,,B,IMDQVPFSV,IMQQVPFSV,True,-15.557064920663834
D3R,False,0.1887930087058256,fold_tcr5_no_template_model_1,,B,IMDQVPFSV,IMRQVPFSV,True,-15.768640547990799
D3S,False,-8.588842924110974,fold_tcr5_no_template_model_1,,B,IMDQVPFSV,IMSQVPFSV,True,-14.322869092226028
D3T,False,-9.210340371976184,fold_tcr5_no_template_model_1,,B,IMDQVPFSV,IMTQVPFSV,False,-17.261303395032883
D3V,False,-7.45031315274784,fold_tcr5_no_template_model_1,,B,IMDQVPFSV,IMVQVPFSV,True,-17.838674634695053
D3W,False,7.261689462080254,fold_tcr5_no_template_model_1,,B,IMDQVPFSV,IMWQVPFSV,True,-17.218027770519257
D3Y,False,0.1818949479923265,fold_tcr5_no_template_model_1,,B,IMDQVPFSV,IMYQVPFSV,True,-17.34118813276291
Q4A,False,8.992990438643679,fold_tcr5_no_template_model_1,,B,IMDQVPFSV,IMDAVPFSV,True,-15.821481630206108
Q4C,False,-4.703684512529306,fold_tcr5_no_template_model_1,,B,IMDQVPFSV,IMDCVPFSV,True,-19.169259265065193
Q4D,False,-7.220365023353413,fold_tcr5_no_template_model_1,,B,IMDQVPFSV,IMDDVPFSV,True,-17.815346524119377
Q4E,False,-0.2948535478119161,fold_tcr5_no_template_model_1,,B,IMDQVPFSV,IMDEVPFSV,True,-15.879983127117157
Q4F,False,-1.533408536921286,fold_tcr5_no_template_model_1,,B,IMDQVPFSV,IMDFVPFSV,True,-17.765944361686707
Q4G,False,-8.4864367513357,fold_tcr5_no_template_model_1,,B,IMDQVPFSV,IMDGVPFSV,True,-19.101334780454636
Q4H,False,-0.3919022618540765,fold_tcr5_no_template_model_1,,B,IMDQVPFSV,IMDHVPFSV,True,-18.261118233203888
Q4I,False,-9.210340371976184,fold_tcr5_no_template_model_1,,B,IMDQVPFSV,IMDIVPFSV,False,-19.77321048080921
Q4K,False,-0.5360640970959825,fold_tcr5_no_template_model_1,,B,IMDQVPFSV,IMDKVPFSV,True,-19.36740390956402
Q4L,False,-6.614256437505987,fold_tcr5_no_template_model_1,,B,IMDQVPFSV,IMDLVPFSV,True,-19.782490268349648
Q4M,False,0.4876492041926339,fold_tcr5_no_template_model_1,,B,IMDQVPFSV,IMDMVPFSV,True,-15.469412162899971
Q4N,False,-5.940287585409739,fold_tcr5_no_template_model_1,,B,IMDQVPFSV,IMDNVPFSV,True,-19.21506543457508
Q4P,False,-6.745906821677995,fold_tcr5_no_template_model_1,,B,IMDQVPFSV,IMDPVPFSV,True,-19.095414370298386
Q4Q,True,7.034992041367751,fold_tcr5_no_template_model_1,,B,IMDQVPFSV,IMDQVPFSV,True,-15.533943727612495
Q4R,False,-6.541390379664883,fold_tcr5_no_template_model_1,,B,IMDQVPFSV,IMDRVPFSV,True,-19.560901552438736
Q4S,False,-6.717620807590079,fold_tcr5_no_template_model_1,,B,IMDQVPFSV,IMDSVPFSV,True,-17.36007834970951
Q4T,False,-5.31112915597123,fold_tcr5_no_template_model_1,,B,IMDQVPFSV,IMDTVPFSV,True,-19.3407212048769
Q4V,False,5.25006909077529,fold_tcr5_no_template_model_1,,B,IMDQVPFSV,IMDVVPFSV,True,-19.746467038989067
Q4W,False,-7.261016113630422,fold_tcr5_no_template_model_1,,B,IMDQVPFSV,IMDWVPFSV,True,-19.165697008371353
Q4Y,False,-9.210340371976184,fold_tcr5_no_template_model_1,,B,IMDQVPFSV,IMDYVPFSV,False,-18.51570001244545
V5A,False,6.11673275552035,fold_tcr5_no_template_model_1,,B,IMDQVPFSV,IMDQAPFSV,True,-17.98509791493416
V5C,False,6.797924182881928,fold_tcr5_no_template_model_1,,B,IMDQVPFSV,IMDQCPFSV,True,-20.55718845129013
V5D,False,-1.064371408433749,fold_tcr5_no_template_model_1,,B,IMDQVPFSV,IMDQDPFSV,True,-20.55236466228962
V5E,False,-0.6061948188136708,fold_tcr5_no_template_model_1,,B,IMDQVPFSV,IMDQEPFSV,True,-19.865546628832817
V5F,False,-5.657106221177453,fold_tcr5_no_template_model_1,,B,IMDQVPFSV,IMDQFPFSV,True,-20.913407906889915
V5G,False,-9.210340371976184,fold_tcr5_no_template_model_1,,B,IMDQVPFSV,IMDQGPFSV,False,-20.51640847325325
V5H,False,-5.092727456659822,fold_tcr5_no_template_model_1,,B,IMDQVPFSV,IMDQHPFSV,True,-20.620271027088165
V5I,False,7.0472605467653295,fold_tcr5_no_template_model_1,,B,IMDQVPFSV,IMDQIPFSV,True,-19.17868435382843
V5K,False,-9.210340371976184,fold_tcr5_no_template_model_1,,B,IMDQVPFSV,IMDQKPFSV,False,-20.303418666124344
V5L,False,-1.38422303660942,fold_tcr5_no_template_model_1,,B,IMDQVPFSV,IMDQLPFSV,True,-21.048903092741966
V5M,False,-9.210340371976184,fold_tcr5_no_template_model_1,,B,IMDQVPFSV,IMDQMPFSV,False,-20.5893914103508
V5N,False,-8.59514776809163,fold_tcr5_no_template_model_1,,B,IMDQVPFSV,IMDQNPFSV,True,-20.404100626707077
V5P,False,-9.210340371976184,fold_tcr5_no_template_model_1,,B,IMDQVPFSV,IMDQPPFSV,False,-20.828813284635544
V5Q,False,0.3226190784118893,fold_tcr5_no_template_model_1,,B,IMDQVPFSV,IMDQQPFSV,True,-19.64778123795986
V5R,False,-9.210340371976184,fold_tcr5_no_template_model_1,,B,IMDQVPFSV,IMDQRPFSV,False,-20.35300412774086
V5S,False,-6.641893838847711,fold_tcr5_no_template_model_1,,B,IMDQVPFSV,IMDQSPFSV,True,-19.66538378596306
V5T,False,6.910125805779911,fold_tcr5_no_template_model_1,,B,IMDQVPFSV,IMDQTPFSV,True,-18.30133183300495
V5V,True,7.034992041367751,fold_tcr5_no_template_model_1,,B,IMDQVPFSV,IMDQVPFSV,True,-15.484682708978653
V5W,False,-2.19525736167657,fold_tcr5_no_template_model_1,,B,IMDQVPFSV,IMDQWPFSV,True,-20.763550713658333
V5Y,False,-9.210340371976184,fold_tcr5_no_template_model_1,,B,IMDQVPFSV,IMDQYPFSV,False,-20.67486634850502
P6A,False,0.356178398576551,fold_tcr5_no_template_model_1,,B,IMDQVPFSV,IMDQVAFSV,True,-20.60072633624077
P6C,False,-0.9809830827171364,fold_tcr5_no_template_model_1,,B,IMDQVPFSV,IMDQVCFSV,True,-20.723928421735764
P6D,False,-9.210340371976184,fold_tcr5_no_template_model_1,,B,IMDQVPFSV,IMDQVDFSV,False,-20.37252300977707
P6E,False,0.624050481760714,fold_tcr5_no_template_model_1,,B,IMDQVPFSV,IMDQVEFSV,True,-20.701583802700043
P6F,False,-2.3142440872540715,fold_tcr5_no_template_model_1,,B,IMDQVPFSV,IMDQVFFSV,True,-20.76288503408432
P6G,False,0.0680543999749584,fold_tcr5_no_template_model_1,,B,IMDQVPFSV,IMDQVGFSV,True,-19.339865893125534
P6H,False,-9.210340371976184,fold_tcr5_no_template_model_1,,B,IMDQVPFSV,IMDQVHFSV,False,-20.740796357393265
P6I,False,-2.4152085791681355,fold_tcr5_no_template_model_1,,B,IMDQVPFSV,IMDQVIFSV,True,-21.087606132030487
P6K,False,-9.210340371976184,fold_tcr5_no_template_model_1,,B,IMDQVPFSV,IMDQVKFSV,False,-20.982459723949432
P6L,False,-9.210340371976184,fold_tcr5_no_template_model_1,,B,IMDQVPFSV,IMDQVLFSV,False,-20.718019515275955
P6M,False,-1.9648415569491693,fold_tcr5_no_template_model_1,,B,IMDQVPFSV,IMDQVMFSV,True,-20.21273374557495
P6N,False,-9.210340371976184,fold_tcr5_no_template_model_1,,B,IMDQVPFSV,IMDQVNFSV,False,-20.79143986105919
P6P,True,7.034992041367751,fold_tcr5_no_template_model_1,,B,IMDQVPFSV,IMDQVPFSV,True,-15.607472866773605
P6Q,False,0.4523093869812349,fold_tcr5_no_template_model_1,,B,IMDQVPFSV,IMDQVQFSV,True,-20.645729541778564
P6R,False,-1.428351642980934,fold_tcr5_no_template_model_1,,B,IMDQVPFSV,IMDQVRFSV,True,-20.88432738184929
P6S,False,-0.5364488074780124,fold_tcr5_no_template_model_1,,B,IMDQVPFSV,IMDQVSFSV,True,-19.95903903245926
P6T,False,-9.210340371976184,fold_tcr5_no_template_model_1,,B,IMDQVPFSV,IMDQVTFSV,False,-20.18972373008728
P6V,False,-1.6247722440382688,fold_tcr5_no_template_model_1,,B,IMDQVPFSV,IMDQVVFSV,True,-20.998246401548386
P6W,False,-9.210340371976184,fold_tcr5_no_template_model_1,,B,IMDQVPFSV,IMDQVWFSV,False,-20.978752225637436
P6Y,False,-9.210340371976184,fold_tcr5_no_template_model_1,,B,IMDQVPFSV,IMDQVYFSV,False,-20.83874887228012
F7A,False,-5.094675609678614,fold_tcr5_no_template_model_1,,B,IMDQVPFSV,IMDQVPASV,True,-17.629527747631073
F7C,False,4.366357236104738,fold_tcr5_no_template_model_1,,B,IMDQVPFSV,IMDQVPCSV,True,-18.990608304739
F7D,False,-2.128842699202082,fold_tcr5_no_template_model_1,,B,IMDQVPFSV,IMDQVPDSV,True,-17.71435123682022
F7E,False,-9.210340371976184,fold_tcr5_no_template_model_1,,B,IMDQVPFSV,IMDQVPESV,False,-18.025942355394363
F7F,True,7.034992041367751,fold_tcr5_no_template_model_1,,B,IMDQVPFSV,IMDQVPFSV,True,-15.605175405740738
F7G,False,-6.790775473176241,fold_tcr5_no_template_model_1,,B,IMDQVPFSV,IMDQVPGSV,True,-18.99249705672264
F7H,False,-0.0618368954673111,fold_tcr5_no_template_model_1,,B,IMDQVPFSV,IMDQVPHSV,True,-17.52279244363308
F7I,False,-1.4747380220981496,fold_tcr5_no_template_model_1,,B,IMDQVPFSV,IMDQVPISV,True,-17.811249539256096
F7K,False,-6.090102903751904,fold_tcr5_no_template_model_1,,B,IMDQVPFSV,IMDQVPKSV,True,-18.07628232240677
F7L,False,0.2490308228122192,fold_tcr5_no_template_model_1,,B,IMDQVPFSV,IMDQVPLSV,True,-16.745715349912643
F7M,False,-9.210340371976184,fold_tcr5_no_template_model_1,,B,IMDQVPFSV,IMDQVPMSV,False,-17.00428955256939
F7N,False,-9.210340371976184,fold_tcr5_no_template_model_1,,B,IMDQVPFSV,IMDQVPNSV,False,-18.071985572576523
F7P,False,0.7229534256901262,fold_tcr5_no_template_model_1,,B,IMDQVPFSV,IMDQVPPSV,True,-19.067286267876625
F7Q,False,-2.385924497286642,fold_tcr5_no_template_model_1,,B,IMDQVPFSV,IMDQVPQSV,True,-18.165498673915863
F7R,False,1.365452517844289,fold_tcr5_no_template_model_1,,B,IMDQVPFSV,IMDQVPRSV,True,-17.706207647919655
F7S,False,-9.210340371976184,fold_tcr5_no_template_model_1,,B,IMDQVPFSV,IMDQVPSSV,False,-17.090298399329185
F7T,False,-2.2269907272845866,fold_tcr5_no_template_model_1,,B,IMDQVPFSV,IMDQVPTSV,True,-17.00915601849556
F7V,False,-3.488562359414698,fold_tcr5_no_template_model_1,,B,IMDQVPFSV,IMDQVPVSV,True,-17.11526530981064
F7W,False,6.769245790130431,fold_tcr5_no_template_model_1,,B,IMDQVPFSV,IMDQVPWSV,True,-17.209310442209244
F7Y,False,6.713559374951013,fold_tcr5_no_template_model_1,,B,IMDQVPFSV,IMDQVPYSV,True,-15.16003729403019
S8A,False,6.674963432425559,fold_tcr5_no_template_model_1,,B,IMDQVPFSV,IMDQVPFAV,True,-16.749867156147957
S8C,False,6.081239252546714,fold_tcr5_no_template_model_1,,B,IMDQVPFSV,IMDQVPFCV,True,-18.815833032131195
S8D,False,5.177735460369448,fold_tcr5_no_template_model_1,,B,IMDQVPFSV,IMDQVPFDV,True,-18.494462102651596
S8E,False,7.103382075442429,fold_tcr5_no_template_model_1,,B,IMDQVPFSV,IMDQVPFEV,True,-17.352177023887634
S8F,False,5.23030225667575,fold_tcr5_no_template_model_1,,B,IMDQVPFSV,IMDQVPFFV,True,-18.738716423511505
S8G,False,6.425737156110591,fold_tcr5_no_template_model_1,,B,IMDQVPFSV,IMDQVPFGV,True,-17.52046838402748
S8H,False,7.036924215087859,fold_tcr5_no_template_model_1,,B,IMDQVPFSV,IMDQVPFHV,True,-18.53919641673565
S8I,False,6.511076541575217,fold_tcr5_no_template_model_1,,B,IMDQVPFSV,IMDQVPFIV,True,-18.428252905607224
S8K,False,6.02167508184752,fold_tcr5_no_template_model_1,,B,IMDQVPFSV,IMDQVPFKV,True,-19.014004096388817
S8L,False,6.086076864329681,fold_tcr5_no_template_model_1,,B,IMDQVPFSV,IMDQVPFLV,True,-18.140385940670967
S8M,False,6.533909483747301,fold_tcr5_no_template_model_1,,B,IMDQVPFSV,IMDQVPFMV,True,-16.62407958507538
S8N,False,6.623660883671925,fold_tcr5_no_template_model_1,,B,IMDQVPFSV,IMDQVPFNV,True,-18.22462499141693
S8P,False,6.770295159276346,fold_tcr5_no_template_model_1,,B,IMDQVPFSV,IMDQVPFPV,True,-17.086177244782448
S8Q,False,5.861804218880064,fold_tcr5_no_template_model_1,,B,IMDQVPFSV,IMDQVPFQV,True,-14.068456023931503
S8R,False,0.3185477815497105,fold_tcr5_no_template_model_1,,B,IMDQVPFSV,IMDQVPFRV,True,-18.687090665102005
S8S,True,7.034992041367751,fold_tcr5_no_template_model_1,,B,IMDQVPFSV,IMDQVPFSV,True,-15.598340585827827
S8T,False,6.902661617887624,fold_tcr5_no_template_model_1,,B,IMDQVPFSV,IMDQVPFTV,True,-17.10106883943081
S8V,False,6.860779422531242,fold_tcr5_no_template_model_1,,B,IMDQVPFSV,IMDQVPFVV,True,-18.835840225219727
S8W,False,-6.19770362574713,fold_tcr5_no_template_model_1,,B,IMDQVPFSV,IMDQVPFWV,True,-19.143190875649452
S8Y,False,-6.332015225901633,fold_tcr5_no_template_model_1,,B,IMDQVPFSV,IMDQVPFYV,True,-19.06128889322281
V9A,False,4.676858254647311,fold_tcr5_no_template_model_1,,B,IMDQVPFSV,IMDQVPFSA,True,-19.363364577293396
V9C,False,6.610670430258039,fold_tcr5_no_template_model_1,,B,IMDQVPFSV,IMDQVPFSC,True,-19.055010586977005
V9D,False,-0.868593104018967,fold_tcr5_no_template_model_1,,B,IMDQVPFSV,IMDQVPFSD,True,-19.958855167031288
V9E,False,2.7786040972537625,fold_tcr5_no_template_model_1,,B,IMDQVPFSV,IMDQVPFSE,True,-19.846741378307343
V9F,False,0.7820651402928687,fold_tcr5_no_template_model_1,,B,IMDQVPFSV,IMDQVPFSF,True,-19.514488071203232
V9G,False,2.5240179777377887,fold_tcr5_no_template_model_1,,B,IMDQVPFSV,IMDQVPFSG,True,-20.008983582258224
V9H,False,5.193592073984975,fold_tcr5_no_template_model_1,,B,IMDQVPFSV,IMDQVPFSH,True,-19.926798313856125
V9I,False,6.5253982628055285,fold_tcr5_no_template_model_1,,B,IMDQVPFSV,IMDQVPFSI,True,-17.997193545103073
V9K,False,-0.183783515293419,fold_tcr5_no_template_model_1,,B,IMDQVPFSV,IMDQVPFSK,True,-19.635008677840233
V9L,False,6.545979683481371,fold_tcr5_no_template_model_1,,B,IMDQVPFSV,IMDQVPFSL,True,-15.294677764177322
V9M,False,6.178286295063962,fold_tcr5_no_template_model_1,,B,IMDQVPFSV,IMDQVPFSM,True,-17.818057417869568
V9N,False,3.0701351347940533,fold_tcr5_no_template_model_1,,B,IMDQVPFSV,IMDQVPFSN,True,-19.973765030503273
V9P,False,0.0964191458889557,fold_tcr5_no_template_model_1,,B,IMDQVPFSV,IMDQVPFSP,True,-19.589838609099388
V9Q,False,0.4973298161778865,fold_tcr5_no_template_model_1,,B,IMDQVPFSV,IMDQVPFSQ,True,-19.937905341386795
V9R,False,-4.773150427122108,fold_tcr5_no_template_model_1,,B,IMDQVPFSV,IMDQVPFSR,True,-19.552901431918144
V9S,False,4.371428371147819,fold_tcr5_no_template_model_1,,B,IMDQVPFSV,IMDQVPFSS,True,-19.91014340519905
V9T,False,6.679515037637586,fold_tcr5_no_template_model_1,,B,IMDQVPFSV,IMDQVPFST,True,-18.507017225027084
V9V,True,7.034992041367751,fold_tcr5_no_template_model_1,,B,IMDQVPFSV,IMDQVPFSV,True,-15.432603150606155
V9W,False,-6.353658640652154,fold_tcr5_no_template_model_1,,B,IMDQVPFSV,IMDQVPFSW,True,-18.798755437135696
V9Y,False,-0.7965226454184027,fold_tcr5_no_template_model_1,,B,IMDQVPFSV,IMDQVPFSY,True,-19.77823705971241
